SEASON_ID,TEAM_ID,TEAM_ABBREVIATION,TEAM_NAME,GAME_ID,GAME_DATE,MATCHUP,WL,MIN,PTS,FGM,FGA,FG_PCT,FG3M,FG3A,FG3_PCT,FTM,FTA,FT_PCT,OREB,DREB,REB,AST,STL,BLK,TOV,PF,PLUS_MINUS
22019,1610612739,CLE,Cleveland Cavaliers,0021900962,2020-03-10,CLE @ CHI,L,240,103,40,80,0.5,6,24,0.25,17,23,0.739,9,26,35,29,9,5,18,15,-5.0
22019,1610612739,CLE,Cleveland Cavaliers,0021900954,2020-03-08,CLE vs. SAS,W,264,132,43,94,0.457,13,34,0.382,33,45,0.733,14,46,60,26,4,4,18,24,3.0
22019,1610612739,CLE,Cleveland Cavaliers,0021900942,2020-03-07,CLE vs. DEN,W,239,104,42,76,0.553,12,28,0.429,8,12,0.667,8,31,39,32,8,2,21,17,2.0
22019,1610612739,CLE,Cleveland Cavaliers,0021900917,2020-03-04,CLE vs. BOS,L,239,106,39,89,0.438,13,38,0.342,15,20,0.75,17,33,50,24,6,2,12,19,-6.0
22019,1610612739,CLE,Cleveland Cavaliers,0021900902,2020-03-02,CLE vs. UTA,L,238,113,42,91,0.462,17,41,0.415,12,18,0.667,11,25,36,28,10,1,6,18,-13.0
22019,1610612739,CLE,Cleveland Cavaliers,0021900890,2020-02-29,CLE vs. IND,L,239,104,41,85,0.482,5,22,0.227,17,20,0.85,6,30,36,30,9,3,13,13,-9.0
22019,1610612739,CLE,Cleveland Cavaliers,0021900883,2020-02-28,CLE @ NOP,L,241,104,43,95,0.453,11,31,0.355,7,12,0.583,10,24,34,27,7,2,14,13,-12.0
22019,1610612739,CLE,Cleveland Cavaliers,0021900865,2020-02-26,CLE vs. PHI,W,242,108,41,78,0.526,11,24,0.458,15,17,0.882,9,39,48,24,5,4,18,16,14.0
22019,1610612739,CLE,Cleveland Cavaliers,0021900849,2020-02-24,CLE vs. MIA,W,265,125,43,97,0.443,14,37,0.378,25,34,0.735,13,40,53,25,8,6,12,20,6.0
22019,1610612739,CLE,Cleveland Cavaliers,0021900838,2020-02-22,CLE @ MIA,L,240,105,38,79,0.481,13,36,0.361,16,22,0.727,11,29,40,29,8,2,24,18,-19.0
22019,1610612739,CLE,Cleveland Cavaliers,0021900827,2020-02-21,CLE @ WAS,W,241,113,43,81,0.531,11,27,0.407,16,25,0.64,10,37,47,19,3,6,21,24,5.0
22019,1610612739,CLE,Cleveland Cavaliers,0021900807,2020-02-12,CLE vs. ATL,W,240,127,48,94,0.511,10,28,0.357,21,25,0.84,17,38,55,25,8,6,17,22,22.0
22019,1610612739,CLE,Cleveland Cavaliers,0021900791,2020-02-09,CLE vs. LAC,L,240,92,35,95,0.368,7,33,0.212,15,22,0.682,16,29,45,22,9,1,16,17,-41.0
22019,1610612739,CLE,Cleveland Cavaliers,0021900760,2020-02-05,CLE @ OKC,L,242,103,41,89,0.461,15,38,0.395,6,11,0.545,9,36,45,31,4,2,19,24,-6.0
22019,1610612739,CLE,Cleveland Cavaliers,0021900742,2020-02-03,CLE vs. NYK,L,264,134,52,92,0.565,18,35,0.514,12,18,0.667,5,29,34,34,6,3,14,18,-5.0
22019,1610612739,CLE,Cleveland Cavaliers,0021900730,2020-02-01,CLE vs. GSW,L,240,112,41,95,0.432,16,44,0.364,14,14,1.0,13,33,46,26,8,3,15,15,-19.0
22019,1610612739,CLE,Cleveland Cavaliers,0021900714,2020-01-30,CLE vs. TOR,L,241,109,42,90,0.467,13,36,0.361,12,14,0.857,15,37,52,23,7,3,21,21,-6.0
22019,1610612739,CLE,Cleveland Cavaliers,0021900700,2020-01-28,CLE vs. NOP,L,242,111,42,97,0.433,11,34,0.324,16,18,0.889,14,32,46,25,7,2,11,20,-14.0
22019,1610612739,CLE,Cleveland Cavaliers,0021900693,2020-01-27,CLE @ DET,W,239,115,48,96,0.5,9,24,0.375,10,13,0.769,11,34,45,25,9,6,13,21,15.0
22019,1610612739,CLE,Cleveland Cavaliers,0021900682,2020-01-25,CLE vs. CHI,L,241,106,42,84,0.5,13,30,0.433,9,11,0.818,11,32,43,30,5,1,21,20,-12.0
22019,1610612739,CLE,Cleveland Cavaliers,0021900666,2020-01-23,CLE vs. WAS,L,240,112,44,96,0.458,11,33,0.333,13,17,0.765,10,26,36,24,7,1,8,21,-12.0
22019,1610612739,CLE,Cleveland Cavaliers,0021900643,2020-01-20,CLE vs. NYK,L,240,86,32,94,0.34,11,33,0.333,11,17,0.647,16,37,53,15,5,4,10,14,-20.0
22019,1610612739,CLE,Cleveland Cavaliers,0021900631,2020-01-18,CLE @ CHI,L,240,116,40,73,0.548,15,29,0.517,21,23,0.913,7,29,36,27,5,5,27,18,-2.0
22019,1610612739,CLE,Cleveland Cavaliers,0021900622,2020-01-17,CLE @ MEM,L,240,109,41,92,0.446,9,36,0.25,18,26,0.692,16,34,50,18,6,2,15,19,-4.0
22019,1610612739,CLE,Cleveland Cavaliers,0021900603,2020-01-14,CLE @ LAC,L,241,103,38,91,0.418,14,37,0.378,13,15,0.867,8,32,40,25,5,6,13,21,-25.0
22019,1610612739,CLE,Cleveland Cavaliers,0021900597,2020-01-13,CLE @ LAL,L,239,99,38,85,0.447,7,25,0.28,16,24,0.667,10,30,40,21,4,1,19,22,-29.0
22019,1610612739,CLE,Cleveland Cavaliers,0021900582,2020-01-11,CLE @ DEN,W,240,111,44,89,0.494,12,37,0.324,11,13,0.846,12,43,55,22,5,1,14,19,8.0
22019,1610612739,CLE,Cleveland Cavaliers,0021900563,2020-01-09,CLE @ DET,W,264,115,48,91,0.527,5,20,0.25,14,20,0.7,10,29,39,24,9,5,14,18,3.0
22019,1610612739,CLE,Cleveland Cavaliers,0021900548,2020-01-07,CLE vs. DET,L,240,113,42,85,0.494,14,31,0.452,15,16,0.938,11,35,46,29,7,4,16,19,-2.0
22019,1610612739,CLE,Cleveland Cavaliers,0021900536,2020-01-05,CLE vs. MIN,L,239,103,40,84,0.476,8,25,0.32,15,19,0.789,12,32,44,15,6,2,20,13,-15.0
22019,1610612739,CLE,Cleveland Cavaliers,0021900527,2020-01-04,CLE vs. OKC,L,240,106,39,85,0.459,14,30,0.467,14,17,0.824,9,33,42,19,4,0,13,26,-15.0
22019,1610612739,CLE,Cleveland Cavaliers,0021900508,2020-01-02,CLE vs. CHA,L,239,106,41,81,0.506,13,35,0.371,11,14,0.786,7,35,42,26,6,3,14,22,-3.0
22019,1610612739,CLE,Cleveland Cavaliers,0021900500,2019-12-31,CLE @ TOR,L,240,97,37,87,0.425,10,38,0.263,13,16,0.813,8,33,41,21,5,4,14,19,-20.0
22019,1610612739,CLE,Cleveland Cavaliers,0021900479,2019-12-28,CLE @ MIN,W,240,94,32,77,0.416,4,20,0.2,26,36,0.722,14,46,60,13,9,4,28,21,6.0
22019,1610612739,CLE,Cleveland Cavaliers,0021900466,2019-12-27,CLE @ BOS,L,240,117,44,85,0.518,9,23,0.391,20,29,0.69,6,32,38,22,7,3,11,17,-12.0
22019,1610612739,CLE,Cleveland Cavaliers,0021900444,2019-12-23,CLE vs. ATL,W,240,121,50,96,0.521,11,29,0.379,10,12,0.833,7,36,43,19,8,6,23,16,3.0
22019,1610612739,CLE,Cleveland Cavaliers,0021900420,2019-12-20,CLE vs. MEM,W,240,114,40,92,0.435,17,37,0.459,17,23,0.739,16,44,60,26,4,10,14,12,7.0
22019,1610612739,CLE,Cleveland Cavaliers,0021900407,2019-12-18,CLE vs. CHA,W,240,100,40,74,0.541,7,26,0.269,13,17,0.765,10,38,48,25,7,3,23,21,2.0
22019,1610612739,CLE,Cleveland Cavaliers,0021900395,2019-12-16,CLE @ TOR,L,240,113,44,90,0.489,12,35,0.343,13,17,0.765,9,30,39,30,6,1,10,15,-20.0
22019,1610612739,CLE,Cleveland Cavaliers,0021900385,2019-12-14,CLE @ MIL,L,239,108,41,90,0.456,15,35,0.429,11,15,0.733,12,33,45,27,10,3,18,19,-17.0
22019,1610612739,CLE,Cleveland Cavaliers,0021900368,2019-12-12,CLE @ SAS,W,266,117,44,96,0.458,15,45,0.333,14,20,0.7,11,39,50,22,6,3,18,22,8.0
22019,1610612739,CLE,Cleveland Cavaliers,0021900356,2019-12-11,CLE vs. HOU,L,241,110,46,89,0.517,13,32,0.406,5,8,0.625,9,27,36,29,8,4,15,15,-6.0
22019,1610612739,CLE,Cleveland Cavaliers,0021900344,2019-12-09,CLE @ BOS,L,243,88,36,91,0.396,7,31,0.226,9,19,0.474,18,27,45,18,8,2,18,11,-22.0
22019,1610612739,CLE,Cleveland Cavaliers,0021900332,2019-12-07,CLE @ PHI,L,240,94,36,96,0.375,9,35,0.257,13,17,0.765,11,24,35,20,4,0,17,17,-47.0
22019,1610612739,CLE,Cleveland Cavaliers,0021900321,2019-12-06,CLE vs. ORL,L,240,87,35,83,0.422,10,34,0.294,7,10,0.7,10,35,45,22,9,7,16,19,-6.0
22019,1610612739,CLE,Cleveland Cavaliers,0021900299,2019-12-03,CLE vs. DET,L,240,94,38,90,0.422,8,27,0.296,10,14,0.714,12,28,40,16,6,6,13,11,-33.0
22019,1610612739,CLE,Cleveland Cavaliers,0021900270,2019-11-29,CLE vs. MIL,L,241,110,44,88,0.5,17,34,0.5,5,10,0.5,8,33,41,32,7,1,14,22,-9.0
22019,1610612739,CLE,Cleveland Cavaliers,0021900255,2019-11-27,CLE vs. ORL,L,240,104,37,81,0.457,11,34,0.324,19,22,0.864,12,37,49,20,5,0,25,15,-12.0
22019,1610612739,CLE,Cleveland Cavaliers,0021900240,2019-11-25,CLE vs. BKN,L,239,106,40,94,0.426,13,32,0.406,13,20,0.65,12,33,45,24,5,4,10,14,-2.0
22019,1610612739,CLE,Cleveland Cavaliers,0021900231,2019-11-23,CLE vs. POR,W,241,110,37,87,0.425,10,31,0.323,26,32,0.813,9,43,52,19,9,2,13,14,6.0
22019,1610612739,CLE,Cleveland Cavaliers,0021900221,2019-11-22,CLE @ DAL,L,241,101,37,86,0.43,12,29,0.414,15,17,0.882,8,26,34,23,3,3,10,15,-42.0
22019,1610612739,CLE,Cleveland Cavaliers,0021900206,2019-11-20,CLE @ MIA,L,239,100,37,87,0.425,12,38,0.316,14,16,0.875,10,24,34,19,13,2,19,23,-24.0
22019,1610612739,CLE,Cleveland Cavaliers,0021900189,2019-11-18,CLE @ NYK,L,240,105,36,76,0.474,17,36,0.472,16,30,0.533,10,31,41,18,2,1,19,26,-18.0
22019,1610612739,CLE,Cleveland Cavaliers,0021900183,2019-11-17,CLE vs. PHI,L,240,95,34,90,0.378,6,25,0.24,21,24,0.875,11,31,42,14,9,5,14,21,-19.0
22019,1610612739,CLE,Cleveland Cavaliers,0021900161,2019-11-14,CLE vs. MIA,L,242,97,36,85,0.424,8,32,0.25,17,21,0.81,11,30,41,18,14,2,18,16,-11.0
22019,1610612739,CLE,Cleveland Cavaliers,0021900147,2019-11-12,CLE @ PHI,L,239,97,38,86,0.442,5,21,0.238,16,20,0.8,9,36,45,13,10,0,13,13,-1.0
22019,1610612739,CLE,Cleveland Cavaliers,0021900136,2019-11-10,CLE @ NYK,W,240,108,36,82,0.439,8,28,0.286,28,31,0.903,9,36,45,20,11,2,14,19,21.0
22019,1610612739,CLE,Cleveland Cavaliers,0021900118,2019-11-08,CLE @ WAS,W,240,113,41,90,0.456,6,27,0.222,25,29,0.862,17,31,48,18,10,5,12,17,13.0
22019,1610612739,CLE,Cleveland Cavaliers,0021900098,2019-11-05,CLE vs. BOS,L,238,113,40,95,0.421,13,33,0.394,20,22,0.909,11,32,43,22,3,6,9,18,-6.0
22019,1610612739,CLE,Cleveland Cavaliers,0021900089,2019-11-03,CLE vs. DAL,L,240,111,39,96,0.406,18,48,0.375,15,22,0.682,12,29,41,24,9,4,9,14,-20.0
22019,1610612739,CLE,Cleveland Cavaliers,0021900070,2019-11-01,CLE @ IND,L,240,95,32,87,0.368,11,32,0.344,20,25,0.8,3,42,45,20,9,1,16,21,-7.0
22019,1610612739,CLE,Cleveland Cavaliers,0021900055,2019-10-30,CLE vs. CHI,W,240,117,41,78,0.526,10,24,0.417,25,31,0.806,10,37,47,25,3,7,17,21,6.0
22019,1610612739,CLE,Cleveland Cavaliers,0021900046,2019-10-28,CLE @ MIL,L,238,112,45,100,0.45,12,39,0.308,10,12,0.833,10,38,48,19,2,3,11,22,-17.0
22019,1610612739,CLE,Cleveland Cavaliers,0021900030,2019-10-26,CLE vs. IND,W,239,110,40,80,0.5,11,31,0.355,19,29,0.655,12,32,44,23,9,7,18,20,11.0
22019,1610612739,CLE,Cleveland Cavaliers,0021900005,2019-10-23,CLE @ ORL,L,240,85,33,88,0.375,9,34,0.265,10,15,0.667,10,44,54,20,8,2,16,15,-9.0
12019,1610612739,CLE,Cleveland Cavaliers,0011900059,2019-10-15,CLE vs. BOS,L,239,95,33,77,0.429,11,39,0.282,18,27,0.667,5,27,32,19,5,1,18,25,-23.0
12019,1610612739,CLE,Cleveland Cavaliers,0011900046,2019-10-13,CLE @ BOS,L,240,72,26,79,0.329,7,40,0.175,13,18,0.722,10,32,42,11,6,3,27,20,-46.0
12019,1610612739,CLE,Cleveland Cavaliers,0011900037,2019-10-11,CLE @ DET,L,239,105,37,86,0.43,12,34,0.353,19,24,0.792,8,32,40,17,5,3,17,28,-4.0
12019,1610612739,CLE,Cleveland Cavaliers,0011900012,2019-10-07,CLE vs. SLA,W,237,120,46,89,0.517,13,38,0.342,15,17,0.882,10,32,42,27,14,6,14,18,31.0
22019,1610612739,CLE,Cleveland Cavaliers,1521900069,2019-07-12,CLE @ SAC,W,209,98,36,65,0.554,7,21,0.333,19,31,0.613,7,30,37,12,8,5,15,16,-0.4
22019,1610612739,CLE,Cleveland Cavaliers,1521900054,2019-07-10,CLE @ NOP,L,199,78,25,69,0.362,13,35,0.371,15,19,0.789,5,23,28,15,5,4,18,17,-22.2
22019,1610612739,CLE,Cleveland Cavaliers,1521900035,2019-07-08,CLE @ BOS,L,199,72,22,66,0.333,13,33,0.394,15,20,0.75,10,21,31,15,6,3,20,11,-17.0
22019,1610612739,CLE,Cleveland Cavaliers,1521900025,2019-07-07,CLE vs. CHI,W,201,82,29,66,0.439,8,26,0.308,16,22,0.727,9,26,35,17,10,1,10,11,7.0
22019,1610612739,CLE,Cleveland Cavaliers,1521900003,2019-07-05,CLE vs. MIN,L,200,75,26,64,0.406,6,24,0.25,17,23,0.739,4,28,32,16,3,4,15,25,-3.6
22019,1610612739,CLE,Cleveland Cavaliers,1621900005,2019-07-03,CLE @ MEM,L,201,68,22,60,0.367,10,35,0.286,14,19,0.737,3,26,29,15,9,3,17,12,-13.0
22019,1610612739,CLE,Cleveland Cavaliers,1621900004,2019-07-02,CLE @ UTA,L,200,71,24,74,0.324,8,29,0.276,15,22,0.682,6,27,33,13,6,0,6,14,-15.0
22019,1610612739,CLE,Cleveland Cavaliers,1621900001,2019-07-01,CLE vs. SAS,L,200,89,38,85,0.447,9,36,0.25,4,6,0.667,14,17,31,22,11,3,14,26,-8.0
42019,1610612742,DAL,Dallas Mavericks,0041900156,2020-08-30,DAL vs. LAC,L,241,97,38,90,0.422,11,37,0.297,10,17,0.588,8,34,42,20,5,3,12,15,-14.0
42019,1610612742,DAL,Dallas Mavericks,0041900155,2020-08-25,DAL @ LAC,L,238,111,38,85,0.447,12,37,0.324,23,33,0.697,7,24,31,19,8,6,13,22,-43.0
42019,1610612742,DAL,Dallas Mavericks,0041900154,2020-08-23,DAL vs. LAC,W,265,135,52,104,0.5,13,36,0.361,18,24,0.75,11,43,54,20,7,5,11,24,2.0
42019,1610612742,DAL,Dallas Mavericks,0041900153,2020-08-21,DAL vs. LAC,L,239,122,44,87,0.506,17,43,0.395,17,24,0.708,7,35,42,27,5,2,9,24,-8.0
42019,1610612742,DAL,Dallas Mavericks,0041900152,2020-08-19,DAL @ LAC,W,240,127,44,88,0.5,13,29,0.448,26,37,0.703,8,41,49,25,5,4,9,29,13.0
42019,1610612742,DAL,Dallas Mavericks,0041900151,2020-08-17,DAL @ LAC,L,240,110,37,81,0.457,15,43,0.349,21,24,0.875,5,36,41,18,9,2,21,21,-8.0
22019,1610612742,DAL,Dallas Mavericks,0021901313,2020-08-13,DAL @ PHX,L,240,102,39,89,0.438,8,26,0.308,16,19,0.842,11,32,43,17,3,4,11,18,-26.0
22019,1610612742,DAL,Dallas Mavericks,0021901300,2020-08-11,DAL vs. POR,L,241,131,42,81,0.519,20,44,0.455,27,33,0.818,5,32,37,28,4,5,17,23,-3.0
22019,1610612742,DAL,Dallas Mavericks,0021901293,2020-08-10,DAL @ UTA,W,240,122,48,85,0.565,12,24,0.5,14,16,0.875,4,30,34,29,6,3,8,23,8.0
22019,1610612742,DAL,Dallas Mavericks,0021901284,2020-08-08,DAL vs. MIL,W,264,136,48,115,0.417,17,53,0.321,23,25,0.92,11,43,54,37,6,2,6,26,4.0
22019,1610612742,DAL,Dallas Mavericks,0021901271,2020-08-06,DAL vs. LAC,L,240,111,39,87,0.448,17,48,0.354,16,21,0.762,8,29,37,24,3,4,7,17,-15.0
22019,1610612742,DAL,Dallas Mavericks,0021901257,2020-08-04,DAL @ SAC,W,267,114,33,90,0.367,9,41,0.22,39,50,0.78,17,44,61,22,4,2,17,21,4.0
22019,1610612742,DAL,Dallas Mavericks,0021901249,2020-08-02,DAL @ PHX,L,240,115,38,93,0.409,6,31,0.194,33,37,0.892,10,39,49,22,8,5,8,22,-2.0
22019,1610612742,DAL,Dallas Mavericks,0021901238,2020-07-31,DAL vs. HOU,L,265,149,50,105,0.476,21,49,0.429,28,38,0.737,13,42,55,30,7,4,20,36,-4.0
12019,1610612742,DAL,Dallas Mavericks,0011900133,2020-07-28,DAL @ PHI,W,265,118,41,102,0.402,12,41,0.293,24,32,0.75,12,44,56,22,6,4,12,26,3.0
12019,1610612742,DAL,Dallas Mavericks,0011900120,2020-07-26,DAL vs. IND,L,240,111,39,90,0.433,15,38,0.395,18,26,0.692,7,37,44,27,5,4,12,18,-7.0
12019,1610612742,DAL,Dallas Mavericks,0011900107,2020-07-23,DAL @ LAL,W,241,108,40,74,0.541,14,38,0.368,14,22,0.636,8,29,37,21,3,4,14,28,4.0
22019,1610612742,DAL,Dallas Mavericks,0021900973,2020-03-11,DAL vs. DEN,W,240,113,42,92,0.457,12,35,0.343,17,23,0.739,13,39,52,23,9,2,10,14,16.0
22019,1610612742,DAL,Dallas Mavericks,0021900965,2020-03-10,DAL @ SAS,L,240,109,42,92,0.457,17,44,0.386,8,11,0.727,7,35,42,23,8,3,14,19,-10.0
22019,1610612742,DAL,Dallas Mavericks,0021900952,2020-03-08,DAL vs. IND,L,240,109,39,91,0.429,14,43,0.326,17,25,0.68,9,33,42,19,7,5,10,17,-3.0
22019,1610612742,DAL,Dallas Mavericks,0021900937,2020-03-06,DAL vs. MEM,W,239,121,45,95,0.474,18,47,0.383,13,17,0.765,13,35,48,30,11,9,10,11,25.0
22019,1610612742,DAL,Dallas Mavericks,0021900923,2020-03-04,DAL vs. NOP,W,264,127,44,95,0.463,22,50,0.44,17,24,0.708,6,43,49,30,6,13,16,17,4.0
22019,1610612742,DAL,Dallas Mavericks,0021900907,2020-03-02,DAL @ CHI,L,241,107,40,84,0.476,12,42,0.286,15,20,0.75,9,35,44,26,9,5,16,20,-2.0
22019,1610612742,DAL,Dallas Mavericks,0021900896,2020-03-01,DAL @ MIN,W,241,111,44,94,0.468,11,40,0.275,12,19,0.632,6,50,56,28,10,7,14,16,20.0
22019,1610612742,DAL,Dallas Mavericks,0021900880,2020-02-28,DAL @ MIA,L,240,118,40,84,0.476,21,50,0.42,17,19,0.895,4,31,35,25,0,3,11,25,-8.0
22019,1610612742,DAL,Dallas Mavericks,0021900869,2020-02-26,DAL @ SAS,W,241,109,36,86,0.419,17,45,0.378,20,30,0.667,5,38,43,25,11,9,15,20,6.0
22019,1610612742,DAL,Dallas Mavericks,0021900854,2020-02-24,DAL vs. MIN,W,242,139,51,101,0.505,16,44,0.364,21,28,0.75,14,40,54,28,7,3,12,28,16.0
22019,1610612742,DAL,Dallas Mavericks,0021900837,2020-02-22,DAL @ ATL,L,240,107,40,89,0.449,14,44,0.318,13,19,0.684,10,38,48,23,5,10,16,22,-4.0
22019,1610612742,DAL,Dallas Mavericks,0021900826,2020-02-21,DAL @ ORL,W,242,122,43,84,0.512,15,38,0.395,21,26,0.808,8,42,50,26,6,7,15,14,16.0
22019,1610612742,DAL,Dallas Mavericks,0021900814,2020-02-12,DAL vs. SAC,W,239,130,48,85,0.565,17,40,0.425,17,21,0.81,3,44,47,34,1,7,11,18,19.0
22019,1610612742,DAL,Dallas Mavericks,0021900798,2020-02-10,DAL vs. UTA,L,241,119,39,83,0.47,15,43,0.349,26,31,0.839,4,22,26,24,8,3,7,18,-4.0
22019,1610612742,DAL,Dallas Mavericks,0021900778,2020-02-08,DAL @ CHA,W,240,116,44,87,0.506,17,35,0.486,11,11,1.0,11,35,46,29,5,6,10,18,16.0
22019,1610612742,DAL,Dallas Mavericks,0021900770,2020-02-07,DAL @ WAS,L,239,118,42,91,0.462,16,40,0.4,18,21,0.857,15,34,49,27,7,2,13,21,-1.0
22019,1610612742,DAL,Dallas Mavericks,0021900761,2020-02-05,DAL vs. MEM,L,240,107,34,94,0.362,17,43,0.395,22,24,0.917,12,30,42,19,5,6,9,18,-14.0
22019,1610612742,DAL,Dallas Mavericks,0021900743,2020-02-03,DAL @ IND,W,239,112,36,86,0.419,18,45,0.4,22,23,0.957,12,39,51,20,3,2,12,15,9.0
22019,1610612742,DAL,Dallas Mavericks,0021900733,2020-02-01,DAL vs. ATL,W,240,123,44,94,0.468,20,39,0.513,15,16,0.938,10,43,53,26,6,8,9,14,23.0
22019,1610612742,DAL,Dallas Mavericks,0021900722,2020-01-31,DAL @ HOU,L,241,121,43,90,0.478,14,36,0.389,21,27,0.778,14,38,52,29,2,9,17,18,-7.0
22019,1610612742,DAL,Dallas Mavericks,0021900706,2020-01-28,DAL vs. PHX,L,240,104,37,83,0.446,7,33,0.212,23,27,0.852,8,25,33,19,6,0,15,18,-29.0
22019,1610612742,DAL,Dallas Mavericks,0021900697,2020-01-27,DAL @ OKC,W,239,107,41,99,0.414,19,51,0.373,6,9,0.667,12,44,56,21,3,3,7,16,10.0
22019,1610612742,DAL,Dallas Mavericks,0021900680,2020-01-25,DAL @ UTA,L,241,107,42,97,0.433,16,41,0.39,7,13,0.538,10,34,44,19,6,3,9,24,-5.0
22019,1610612742,DAL,Dallas Mavericks,0021900668,2020-01-23,DAL @ POR,W,240,133,48,93,0.516,22,47,0.468,15,24,0.625,12,29,41,27,5,7,8,17,8.0
22019,1610612742,DAL,Dallas Mavericks,0021900653,2020-01-21,DAL vs. LAC,L,239,107,39,91,0.429,12,43,0.279,17,24,0.708,12,37,49,23,7,8,12,28,-3.0
22019,1610612742,DAL,Dallas Mavericks,0021900625,2020-01-17,DAL vs. POR,W,241,120,39,89,0.438,20,47,0.426,22,28,0.786,13,30,43,19,6,4,13,17,8.0
22019,1610612742,DAL,Dallas Mavericks,0021900612,2020-01-15,DAL @ SAC,W,240,127,47,92,0.511,13,40,0.325,20,24,0.833,13,34,47,24,4,2,11,18,4.0
22019,1610612742,DAL,Dallas Mavericks,0021900602,2020-01-14,DAL @ GSW,W,238,124,49,96,0.51,13,37,0.351,13,21,0.619,15,38,53,23,5,2,7,17,27.0
22019,1610612742,DAL,Dallas Mavericks,0021900581,2020-01-11,DAL vs. PHI,W,241,109,40,79,0.506,11,27,0.407,18,27,0.667,11,43,54,22,4,8,15,20,18.0
22019,1610612742,DAL,Dallas Mavericks,0021900572,2020-01-10,DAL vs. LAL,L,240,114,39,96,0.406,11,38,0.289,25,37,0.676,17,30,47,19,4,3,9,20,-15.0
22019,1610612742,DAL,Dallas Mavericks,0021900559,2020-01-08,DAL vs. DEN,L,238,106,39,77,0.506,12,35,0.343,16,24,0.667,6,32,38,27,8,6,13,18,-1.0
22019,1610612742,DAL,Dallas Mavericks,0021900545,2020-01-06,DAL vs. CHI,W,240,118,44,84,0.524,16,41,0.39,14,19,0.737,11,32,43,25,5,6,14,12,8.0
22019,1610612742,DAL,Dallas Mavericks,0021900530,2020-01-04,DAL vs. CHA,L,266,120,47,100,0.47,15,50,0.3,11,13,0.846,14,27,41,28,7,4,10,25,-3.0
22019,1610612742,DAL,Dallas Mavericks,0021900513,2020-01-02,DAL vs. BKN,W,241,123,45,89,0.506,18,38,0.474,15,17,0.882,12,34,46,22,4,8,13,21,12.0
22019,1610612742,DAL,Dallas Mavericks,0021900503,2019-12-31,DAL @ OKC,L,238,101,33,93,0.355,15,51,0.294,20,27,0.741,17,32,49,19,5,4,10,24,-5.0
22019,1610612742,DAL,Dallas Mavericks,0021900490,2019-12-29,DAL @ LAL,L,239,95,32,89,0.36,13,43,0.302,18,20,0.9,13,32,45,17,11,4,18,23,-13.0
22019,1610612742,DAL,Dallas Mavericks,0021900482,2019-12-28,DAL @ GSW,W,240,141,48,92,0.522,24,51,0.471,21,21,1.0,9,37,46,35,11,7,13,17,20.0
22019,1610612742,DAL,Dallas Mavericks,0021900463,2019-12-26,DAL vs. SAS,W,241,102,38,90,0.422,16,40,0.4,10,15,0.667,13,39,52,22,7,3,14,11,4.0
22019,1610612742,DAL,Dallas Mavericks,0021900439,2019-12-22,DAL @ TOR,L,240,107,35,90,0.389,15,46,0.326,22,27,0.815,14,39,53,27,6,4,17,22,-3.0
22019,1610612742,DAL,Dallas Mavericks,0021900425,2019-12-20,DAL @ PHI,W,240,117,43,83,0.518,14,33,0.424,17,22,0.773,8,41,49,23,10,4,16,17,19.0
22019,1610612742,DAL,Dallas Mavericks,0021900413,2019-12-18,DAL vs. BOS,L,239,103,34,87,0.391,15,43,0.349,20,25,0.8,10,32,42,23,7,10,7,20,-6.0
22019,1610612742,DAL,Dallas Mavericks,0021900398,2019-12-16,DAL @ MIL,W,241,120,41,88,0.466,16,41,0.39,22,27,0.815,8,44,52,27,5,6,14,23,4.0
22019,1610612742,DAL,Dallas Mavericks,0021900384,2019-12-14,DAL vs. MIA,L,265,118,45,101,0.446,17,44,0.386,11,17,0.647,8,40,48,30,4,3,11,27,-4.0
22019,1610612742,DAL,Dallas Mavericks,0021900369,2019-12-12,DAL @ DET,W,241,122,45,88,0.511,16,44,0.364,16,23,0.696,11,41,52,25,4,5,11,21,11.0
22019,1610612742,DAL,Dallas Mavericks,0021900340,2019-12-08,DAL vs. SAC,L,239,106,41,86,0.477,17,44,0.386,7,8,0.875,10,30,40,24,3,1,12,11,-4.0
22019,1610612742,DAL,Dallas Mavericks,0021900330,2019-12-07,DAL vs. NOP,W,241,130,46,86,0.535,13,38,0.342,25,31,0.806,8,47,55,25,8,4,12,17,46.0
22019,1610612742,DAL,Dallas Mavericks,0021900313,2019-12-04,DAL vs. MIN,W,240,121,46,92,0.5,11,37,0.297,18,23,0.783,13,32,45,24,5,5,8,16,7.0
22019,1610612742,DAL,Dallas Mavericks,0021900302,2019-12-03,DAL @ NOP,W,239,118,38,88,0.432,19,45,0.422,23,27,0.852,10,41,51,22,5,8,10,14,21.0
22019,1610612742,DAL,Dallas Mavericks,0021900287,2019-12-01,DAL @ LAL,W,241,114,42,97,0.433,17,49,0.347,13,18,0.722,16,35,51,24,11,1,13,20,14.0
22019,1610612742,DAL,Dallas Mavericks,0021900277,2019-11-29,DAL @ PHX,W,240,120,35,85,0.412,17,47,0.362,33,38,0.868,9,38,47,20,7,3,8,24,7.0
22019,1610612742,DAL,Dallas Mavericks,0021900251,2019-11-26,DAL vs. LAC,L,240,99,30,79,0.38,11,38,0.289,28,35,0.8,9,37,46,16,12,2,20,21,-15.0
22019,1610612742,DAL,Dallas Mavericks,0021900235,2019-11-24,DAL @ HOU,W,239,137,49,102,0.48,17,44,0.386,22,28,0.786,12,34,46,28,9,5,12,22,14.0
22019,1610612742,DAL,Dallas Mavericks,0021900221,2019-11-22,DAL vs. CLE,W,239,143,58,100,0.58,20,37,0.541,7,9,0.778,10,39,49,31,8,7,5,18,42.0
22019,1610612742,DAL,Dallas Mavericks,0021900208,2019-11-20,DAL vs. GSW,W,242,142,51,90,0.567,22,38,0.579,18,23,0.783,8,42,50,33,7,7,11,21,48.0
22019,1610612742,DAL,Dallas Mavericks,0021900194,2019-11-18,DAL vs. SAS,W,240,117,42,84,0.5,17,41,0.415,16,23,0.696,9,32,41,28,4,3,13,19,7.0
22019,1610612742,DAL,Dallas Mavericks,0021900180,2019-11-16,DAL vs. TOR,W,241,110,37,88,0.42,9,39,0.231,27,33,0.818,12,43,55,24,7,4,12,15,8.0
22019,1610612742,DAL,Dallas Mavericks,0021900162,2019-11-14,DAL @ NYK,L,239,103,36,84,0.429,8,36,0.222,23,31,0.742,12,32,44,21,8,7,11,16,-3.0
22019,1610612742,DAL,Dallas Mavericks,0021900141,2019-11-11,DAL @ BOS,L,241,106,37,89,0.416,11,42,0.262,21,28,0.75,13,33,46,22,2,5,6,26,-10.0
22019,1610612742,DAL,Dallas Mavericks,0021900130,2019-11-09,DAL @ MEM,W,240,138,52,97,0.536,18,42,0.429,16,20,0.8,12,35,47,27,8,5,14,14,16.0
22019,1610612742,DAL,Dallas Mavericks,0021900122,2019-11-08,DAL vs. NYK,L,241,102,37,90,0.411,14,44,0.318,14,17,0.824,7,40,47,18,4,6,13,21,-4.0
22019,1610612742,DAL,Dallas Mavericks,0021900109,2019-11-06,DAL vs. ORL,W,241,107,36,84,0.429,11,31,0.355,24,30,0.8,12,31,43,20,4,1,17,23,1.0
22019,1610612742,DAL,Dallas Mavericks,0021900089,2019-11-03,DAL @ CLE,W,240,131,50,94,0.532,20,41,0.488,11,13,0.846,11,40,51,34,5,6,13,21,20.0
22019,1610612742,DAL,Dallas Mavericks,0021900074,2019-11-01,DAL vs. LAL,L,266,110,40,102,0.392,14,36,0.389,16,23,0.696,18,43,61,23,5,1,22,21,-9.0
22019,1610612742,DAL,Dallas Mavericks,0021900053,2019-10-29,DAL @ DEN,W,239,109,41,84,0.488,13,37,0.351,14,24,0.583,10,32,42,29,6,5,8,14,3.0
22019,1610612742,DAL,Dallas Mavericks,0021900038,2019-10-27,DAL vs. POR,L,241,119,37,94,0.394,13,50,0.26,32,41,0.78,12,34,46,27,7,3,11,22,-2.0
22019,1610612742,DAL,Dallas Mavericks,0021900021,2019-10-25,DAL @ NOP,W,241,123,45,93,0.484,14,40,0.35,19,26,0.731,12,37,49,23,8,7,11,19,7.0
22019,1610612742,DAL,Dallas Mavericks,0021900009,2019-10-23,DAL vs. WAS,W,240,108,35,76,0.461,11,36,0.306,27,33,0.818,5,41,46,17,6,5,19,22,8.0
12019,1610612742,DAL,Dallas Mavericks,0011900073,2019-10-17,DAL @ LAC,W,240,102,35,78,0.449,15,39,0.385,17,20,0.85,9,49,58,25,1,4,30,23,15.0
12019,1610612742,DAL,Dallas Mavericks,0011900055,2019-10-14,DAL vs. OKC,W,239,107,38,90,0.422,13,40,0.325,18,23,0.783,13,53,66,27,10,4,23,24,37.0
12019,1610612742,DAL,Dallas Mavericks,0011900043,2019-10-11,DAL vs. MIL,L,240,111,37,94,0.394,16,50,0.32,21,32,0.656,11,39,50,27,10,4,20,23,-7.0
12019,1610612742,DAL,Dallas Mavericks,0011900024,2019-10-09,DAL @ DET,L,239,117,37,79,0.468,13,35,0.371,30,38,0.789,5,27,32,22,9,3,14,23,-7.0
12019,1610612742,DAL,Dallas Mavericks,0011900021,2019-10-08,DAL @ OKC,L,241,104,34,94,0.362,13,50,0.26,23,31,0.742,14,31,45,22,10,6,12,28,-15.0
22019,1610612742,DAL,Dallas Mavericks,1521900080,2019-07-13,DAL @ MIN,L,200,82,31,83,0.373,5,25,0.2,15,19,0.789,10,24,34,10,10,2,12,23,-21.2
22019,1610612742,DAL,Dallas Mavericks,1521900050,2019-07-10,DAL vs. CRO,W,200,79,29,52,0.558,5,19,0.263,16,21,0.762,6,21,27,17,12,6,25,23,15.2
22019,1610612742,DAL,Dallas Mavericks,1521900031,2019-07-08,DAL vs. SAC,L,200,101,33,71,0.465,12,34,0.353,23,33,0.697,7,25,32,17,9,8,11,32,1.0
22019,1610612742,DAL,Dallas Mavericks,1521900017,2019-07-06,DAL @ HOU,W,200,113,43,81,0.531,17,37,0.459,10,13,0.769,13,30,43,25,9,6,13,24,30.4
22019,1610612742,DAL,Dallas Mavericks,1521900005,2019-07-05,DAL @ BKN,W,199,96,35,80,0.438,11,30,0.367,15,20,0.75,9,25,34,16,10,6,16,27,6.8
22019,1610612750,MIN,Minnesota Timberwolves,0021900963,2020-03-10,MIN @ HOU,L,240,111,40,83,0.482,14,35,0.4,17,23,0.739,8,33,41,21,9,0,18,20,-6.0
22019,1610612750,MIN,Minnesota Timberwolves,0021900947,2020-03-08,MIN vs. NOP,L,240,107,37,94,0.394,8,33,0.242,25,31,0.806,9,33,42,20,15,3,17,23,-13.0
22019,1610612750,MIN,Minnesota Timberwolves,0021900935,2020-03-06,MIN vs. ORL,L,240,118,46,98,0.469,10,37,0.27,16,20,0.8,10,26,36,30,6,3,8,21,-14.0
22019,1610612750,MIN,Minnesota Timberwolves,0021900922,2020-03-04,MIN vs. CHI,W,240,115,40,81,0.494,19,43,0.442,16,25,0.64,10,33,43,27,5,4,17,15,7.0
22019,1610612750,MIN,Minnesota Timberwolves,0021900911,2020-03-03,MIN @ NOP,W,241,139,54,97,0.557,14,34,0.412,17,20,0.85,10,32,42,31,11,2,16,22,5.0
22019,1610612750,MIN,Minnesota Timberwolves,0021900896,2020-03-01,MIN vs. DAL,L,241,91,36,99,0.364,13,42,0.31,6,15,0.4,14,43,57,19,9,3,13,17,-20.0
22019,1610612750,MIN,Minnesota Timberwolves,0021900877,2020-02-28,MIN @ ORL,L,239,125,46,95,0.484,17,44,0.386,16,24,0.667,6,27,33,27,10,6,15,20,-11.0
22019,1610612750,MIN,Minnesota Timberwolves,0021900868,2020-02-26,MIN @ MIA,W,240,129,47,91,0.516,17,46,0.37,18,25,0.72,5,28,33,28,16,8,16,35,3.0
22019,1610612750,MIN,Minnesota Timberwolves,0021900854,2020-02-24,MIN @ DAL,L,239,123,42,95,0.442,15,42,0.357,24,34,0.706,7,35,42,16,4,6,11,22,-16.0
22019,1610612750,MIN,Minnesota Timberwolves,0021900844,2020-02-23,MIN @ DEN,L,241,116,40,90,0.444,14,40,0.35,22,29,0.759,9,29,38,26,7,2,15,16,-12.0
22019,1610612750,MIN,Minnesota Timberwolves,0021900830,2020-02-21,MIN vs. BOS,L,241,117,36,89,0.404,15,42,0.357,30,35,0.857,8,35,43,23,8,10,8,27,-10.0
22019,1610612750,MIN,Minnesota Timberwolves,0021900813,2020-02-12,MIN vs. CHA,L,240,108,39,101,0.386,14,49,0.286,16,20,0.8,14,34,48,25,10,7,11,19,-7.0
22019,1610612750,MIN,Minnesota Timberwolves,0021900796,2020-02-10,MIN @ TOR,L,241,126,39,86,0.453,18,40,0.45,30,35,0.857,10,28,38,24,6,4,23,19,-11.0
22019,1610612750,MIN,Minnesota Timberwolves,0021900782,2020-02-08,MIN vs. LAC,W,240,142,52,95,0.547,26,44,0.591,12,18,0.667,9,37,46,39,8,3,12,21,27.0
22019,1610612750,MIN,Minnesota Timberwolves,0021900759,2020-02-05,MIN vs. ATL,L,240,120,45,91,0.495,9,35,0.257,21,28,0.75,6,27,33,18,13,7,16,21,-7.0
22019,1610612750,MIN,Minnesota Timberwolves,0021900749,2020-02-03,MIN @ SAC,L,239,109,37,85,0.435,13,38,0.342,22,28,0.786,14,31,45,25,12,6,16,25,-4.0
22019,1610612750,MIN,Minnesota Timberwolves,0021900727,2020-02-01,MIN @ LAC,L,241,106,34,84,0.405,7,39,0.179,31,37,0.838,6,38,44,24,9,4,17,20,-12.0
22019,1610612750,MIN,Minnesota Timberwolves,0021900696,2020-01-27,MIN vs. SAC,L,264,129,43,89,0.483,23,46,0.5,20,33,0.606,10,35,45,29,7,8,20,27,-4.0
22019,1610612750,MIN,Minnesota Timberwolves,0021900683,2020-01-25,MIN vs. OKC,L,239,104,40,90,0.444,12,43,0.279,12,18,0.667,7,34,41,33,9,4,13,21,-9.0
22019,1610612750,MIN,Minnesota Timberwolves,0021900675,2020-01-24,MIN vs. HOU,L,240,124,48,98,0.49,11,32,0.344,17,20,0.85,13,38,51,28,8,8,17,26,-7.0
22019,1610612750,MIN,Minnesota Timberwolves,0021900661,2020-01-22,MIN @ CHI,L,239,110,41,86,0.477,15,44,0.341,13,24,0.542,10,33,43,27,7,3,18,25,-7.0
22019,1610612750,MIN,Minnesota Timberwolves,0021900649,2020-01-20,MIN vs. DEN,L,240,100,38,91,0.418,13,42,0.31,11,14,0.786,11,31,42,26,7,5,9,11,-7.0
22019,1610612750,MIN,Minnesota Timberwolves,0021900632,2020-01-18,MIN vs. TOR,L,240,112,38,94,0.404,14,50,0.28,22,27,0.815,12,37,49,34,8,5,17,18,-10.0
22019,1610612750,MIN,Minnesota Timberwolves,0021900619,2020-01-17,MIN @ IND,L,240,114,40,88,0.455,17,39,0.436,17,21,0.81,7,29,36,22,4,1,13,19,-2.0
22019,1610612750,MIN,Minnesota Timberwolves,0021900608,2020-01-15,MIN vs. IND,L,239,99,38,88,0.432,11,28,0.393,12,16,0.75,10,35,45,26,6,7,15,14,-5.0
22019,1610612750,MIN,Minnesota Timberwolves,0021900594,2020-01-13,MIN vs. OKC,L,240,104,38,91,0.418,12,35,0.343,16,21,0.762,9,28,37,23,10,6,9,21,-13.0
22019,1610612750,MIN,Minnesota Timberwolves,0021900577,2020-01-11,MIN @ HOU,L,241,109,36,95,0.379,13,48,0.271,24,36,0.667,13,31,44,28,12,4,18,18,-30.0
22019,1610612750,MIN,Minnesota Timberwolves,0021900565,2020-01-09,MIN vs. POR,W,241,116,44,89,0.494,13,32,0.406,15,21,0.714,15,41,56,25,7,9,14,28,14.0
22019,1610612750,MIN,Minnesota Timberwolves,0021900551,2020-01-07,MIN @ MEM,L,241,112,40,90,0.444,15,47,0.319,17,21,0.81,10,30,40,23,10,1,18,23,-7.0
22019,1610612750,MIN,Minnesota Timberwolves,0021900536,2020-01-05,MIN @ CLE,W,240,118,47,95,0.495,14,38,0.368,10,13,0.769,14,29,43,32,16,8,16,19,15.0
22019,1610612750,MIN,Minnesota Timberwolves,0021900512,2020-01-02,MIN vs. GSW,W,239,99,38,95,0.4,13,43,0.302,10,17,0.588,17,35,52,22,7,7,12,20,15.0
22019,1610612750,MIN,Minnesota Timberwolves,0021900506,2020-01-01,MIN @ MIL,L,240,104,34,91,0.374,15,46,0.326,21,28,0.75,6,42,48,18,7,8,11,25,-2.0
22019,1610612750,MIN,Minnesota Timberwolves,0021900494,2019-12-30,MIN vs. BKN,W,264,122,42,104,0.404,17,44,0.386,21,29,0.724,11,49,60,20,12,8,14,22,7.0
22019,1610612750,MIN,Minnesota Timberwolves,0021900479,2019-12-28,MIN vs. CLE,L,242,88,33,93,0.355,8,37,0.216,14,19,0.737,14,26,40,17,17,8,18,29,-6.0
22019,1610612750,MIN,Minnesota Timberwolves,0021900464,2019-12-26,MIN @ SAC,W,291,105,36,104,0.346,10,46,0.217,23,29,0.793,14,51,65,23,7,5,13,20,1.0
22019,1610612750,MIN,Minnesota Timberwolves,0021900454,2019-12-23,MIN @ GSW,L,240,104,35,87,0.402,11,34,0.324,23,29,0.793,9,31,40,16,10,7,16,18,-9.0
22019,1610612750,MIN,Minnesota Timberwolves,0021900438,2019-12-21,MIN @ POR,L,241,106,38,87,0.437,15,37,0.405,15,16,0.938,7,32,39,16,8,8,16,18,-7.0
22019,1610612750,MIN,Minnesota Timberwolves,0021900427,2019-12-20,MIN @ DEN,L,239,100,36,87,0.414,10,42,0.238,18,27,0.667,16,30,46,20,8,8,14,15,-9.0
22019,1610612750,MIN,Minnesota Timberwolves,0021900411,2019-12-18,MIN vs. NOP,L,242,99,36,95,0.379,10,39,0.256,17,27,0.63,12,31,43,20,9,3,10,18,-8.0
22019,1610612750,MIN,Minnesota Timberwolves,0021900377,2019-12-13,MIN vs. LAC,L,240,117,38,85,0.447,10,41,0.244,31,37,0.838,7,32,39,17,9,3,18,26,-7.0
22019,1610612750,MIN,Minnesota Timberwolves,0021900362,2019-12-11,MIN vs. UTA,L,240,116,40,91,0.44,15,41,0.366,21,26,0.808,15,27,42,18,9,3,11,19,-11.0
22019,1610612750,MIN,Minnesota Timberwolves,0021900349,2019-12-09,MIN @ PHX,L,241,109,40,85,0.471,6,22,0.273,23,29,0.793,11,34,45,14,6,7,16,23,-16.0
22019,1610612750,MIN,Minnesota Timberwolves,0021900342,2019-12-08,MIN @ LAL,L,240,125,44,84,0.524,15,37,0.405,22,26,0.846,6,25,31,27,5,6,15,18,-17.0
22019,1610612750,MIN,Minnesota Timberwolves,0021900326,2019-12-06,MIN @ OKC,L,264,127,50,96,0.521,13,38,0.342,14,20,0.7,10,26,36,25,8,2,13,29,-12.0
22019,1610612750,MIN,Minnesota Timberwolves,0021900313,2019-12-04,MIN @ DAL,L,241,114,37,89,0.416,17,38,0.447,23,26,0.885,15,29,44,23,5,7,12,21,-7.0
22019,1610612750,MIN,Minnesota Timberwolves,0021900286,2019-12-01,MIN vs. MEM,L,241,107,33,85,0.388,11,36,0.306,30,35,0.857,10,43,53,22,7,6,16,21,-8.0
22019,1610612750,MIN,Minnesota Timberwolves,0021900262,2019-11-27,MIN @ SAS,W,242,113,37,85,0.435,18,40,0.45,21,27,0.778,7,46,53,28,4,6,11,19,12.0
22019,1610612750,MIN,Minnesota Timberwolves,0021900243,2019-11-25,MIN @ ATL,W,240,125,41,90,0.456,15,35,0.429,28,36,0.778,14,33,47,27,10,6,13,25,12.0
22019,1610612750,MIN,Minnesota Timberwolves,0021900225,2019-11-23,MIN vs. PHX,L,241,98,38,91,0.418,12,42,0.286,10,17,0.588,9,48,57,26,2,10,14,23,-2.0
22019,1610612750,MIN,Minnesota Timberwolves,0021900210,2019-11-20,MIN vs. UTA,L,241,95,35,89,0.393,14,45,0.311,11,21,0.524,12,39,51,13,5,9,13,20,-8.0
22019,1610612750,MIN,Minnesota Timberwolves,0021900196,2019-11-18,MIN @ UTA,W,240,112,41,89,0.461,14,38,0.368,16,19,0.842,5,46,51,22,6,10,15,25,10.0
22019,1610612750,MIN,Minnesota Timberwolves,0021900179,2019-11-16,MIN vs. HOU,L,240,105,38,84,0.452,12,38,0.316,17,23,0.739,13,33,46,23,7,5,18,20,-20.0
22019,1610612750,MIN,Minnesota Timberwolves,0021900171,2019-11-15,MIN vs. WAS,L,241,116,42,89,0.472,11,37,0.297,21,29,0.724,9,34,43,26,6,5,20,20,-21.0
22019,1610612750,MIN,Minnesota Timberwolves,0021900158,2019-11-13,MIN vs. SAS,W,241,129,45,91,0.495,11,34,0.324,28,34,0.824,13,37,50,25,11,4,10,25,15.0
22019,1610612750,MIN,Minnesota Timberwolves,0021900140,2019-11-11,MIN @ DET,W,240,120,45,89,0.506,15,34,0.441,15,19,0.789,11,34,45,25,7,6,16,23,6.0
22019,1610612750,MIN,Minnesota Timberwolves,0021900132,2019-11-10,MIN vs. DEN,L,265,98,34,97,0.351,6,45,0.133,24,33,0.727,15,38,53,22,9,10,12,23,-2.0
22019,1610612750,MIN,Minnesota Timberwolves,0021900120,2019-11-08,MIN vs. GSW,W,266,125,48,111,0.432,9,36,0.25,20,29,0.69,20,39,59,20,10,10,18,23,6.0
22019,1610612750,MIN,Minnesota Timberwolves,0021900108,2019-11-06,MIN @ MEM,L,240,121,43,96,0.448,16,45,0.356,19,26,0.731,10,26,36,29,9,7,11,22,-16.0
22019,1610612750,MIN,Minnesota Timberwolves,0021900094,2019-11-04,MIN vs. MIL,L,240,106,37,103,0.359,13,43,0.302,19,22,0.864,13,34,47,20,12,4,15,23,-28.0
22019,1610612750,MIN,Minnesota Timberwolves,0021900080,2019-11-02,MIN @ WAS,W,240,131,51,94,0.543,17,39,0.436,12,17,0.706,3,44,47,33,9,10,21,23,22.0
22019,1610612750,MIN,Minnesota Timberwolves,0021900057,2019-10-30,MIN @ PHI,L,241,95,32,81,0.395,10,35,0.286,21,28,0.75,6,28,34,12,13,6,21,21,-22.0
22019,1610612750,MIN,Minnesota Timberwolves,0021900039,2019-10-27,MIN vs. MIA,W,241,116,39,91,0.429,13,45,0.289,25,33,0.758,14,32,46,24,12,1,16,17,7.0
22019,1610612750,MIN,Minnesota Timberwolves,0021900018,2019-10-25,MIN @ CHA,W,240,121,43,91,0.473,12,38,0.316,23,31,0.742,13,39,52,30,11,6,15,21,22.0
22019,1610612750,MIN,Minnesota Timberwolves,0021900006,2019-10-23,MIN @ BKN,W,266,127,46,108,0.426,13,43,0.302,22,28,0.786,12,40,52,23,9,4,13,22,1.0
12019,1610612750,MIN,Minnesota Timberwolves,0011900071,2019-10-17,MIN @ MIL,L,240,96,30,96,0.313,15,48,0.313,21,28,0.75,13,31,44,17,10,3,16,21,-22.0
12019,1610612750,MIN,Minnesota Timberwolves,0011900060,2019-10-15,MIN @ IND,W,241,119,46,107,0.43,12,37,0.324,15,24,0.625,19,46,65,34,10,9,19,18,8.0
12019,1610612750,MIN,Minnesota Timberwolves,0011900052,2019-10-13,MIN vs. MAC,W,240,131,50,83,0.602,14,36,0.389,17,23,0.739,8,40,48,29,4,8,17,13,30.0
12019,1610612750,MIN,Minnesota Timberwolves,0011900035,2019-10-10,MIN @ GSW,L,240,123,44,108,0.407,14,49,0.286,21,25,0.84,17,34,51,27,7,5,19,21,-20.0
12019,1610612750,MIN,Minnesota Timberwolves,0011900022,2019-10-08,MIN @ PHX,L,239,106,39,93,0.419,8,39,0.205,20,23,0.87,10,32,42,23,15,3,27,22,-5.0
22019,1610612750,MIN,Minnesota Timberwolves,1521900083,2019-07-15,MIN vs. MEM,L,200,92,32,74,0.432,10,30,0.333,18,26,0.692,10,29,39,14,5,5,10,22,0.2
22019,1610612750,MIN,Minnesota Timberwolves,1521900082,2019-07-14,MIN vs. BKN,W,200,85,28,84,0.333,11,34,0.324,18,20,0.9,13,31,44,15,6,5,16,31,13.4
22019,1610612750,MIN,Minnesota Timberwolves,1521900080,2019-07-13,MIN vs. DAL,W,200,108,36,69,0.522,13,28,0.464,23,27,0.852,8,33,41,22,9,3,19,16,23.8
22019,1610612750,MIN,Minnesota Timberwolves,1521900053,2019-07-10,MIN @ MIA,W,200,90,32,74,0.432,8,25,0.32,18,24,0.75,10,26,36,21,9,2,12,15,3.0
22019,1610612750,MIN,Minnesota Timberwolves,1521900036,2019-07-08,MIN vs. MIL,W,200,100,35,82,0.427,14,39,0.359,16,20,0.8,6,34,40,15,9,4,13,22,9.0
22019,1610612750,MIN,Minnesota Timberwolves,1521900023,2019-07-07,MIN @ ATL,W,201,90,27,73,0.37,9,23,0.391,27,35,0.771,8,34,42,18,10,4,16,26,24.0
22019,1610612750,MIN,Minnesota Timberwolves,1521900003,2019-07-05,MIN @ CLE,W,199,85,27,61,0.443,8,24,0.333,23,30,0.767,4,34,38,14,8,1,16,18,6.0
