,SEASON_ID,TEAM_ID,TEAM_ABBREVIATION,TEAM_NAME,GAME_ID,GAME_DATE,MATCHUP,WL,MIN,PTS,FGM,FGA,FG_PCT,FG3M,FG3A,FG3_PCT,FTM,FTA,FT_PCT,OREB,DREB,REB,AST,STL,BLK,TOV,PF,PLUS_MINUS
0,22019,1610612739,CLE,Cleveland Cavaliers,21900865,2020-02-26,CLE vs. PHI,W,242,108,41,78,0.526,11,24,0.458,15,17,0.882,9,40,49,24,5,4,18,16,14.0
1,22019,1610612739,CLE,Cleveland Cavaliers,21900849,2020-02-24,CLE vs. MIA,W,265,125,43,97,0.443,14,37,0.378,25,34,0.735,13,40,53,25,8,6,12,20,6.0
2,22019,1610612739,CLE,Cleveland Cavaliers,21900838,2020-02-22,CLE @ MIA,L,240,105,38,79,0.481,13,36,0.361,16,22,0.727,11,29,40,29,8,2,24,18,-19.0
3,22019,1610612739,CLE,Cleveland Cavaliers,21900827,2020-02-21,CLE @ WAS,W,241,113,43,81,0.531,11,27,0.407,16,25,0.64,10,37,47,19,3,6,21,24,5.0
4,22019,1610612739,CLE,Cleveland Cavaliers,21900807,2020-02-12,CLE vs. ATL,W,240,127,48,94,0.511,10,28,0.357,21,25,0.84,17,38,55,25,8,6,17,22,22.0
5,22019,1610612739,CLE,Cleveland Cavaliers,21900791,2020-02-09,CLE vs. LAC,L,240,92,35,95,0.368,7,33,0.212,15,22,0.682,16,29,45,22,9,1,16,17,-41.0
6,22019,1610612739,CLE,Cleveland Cavaliers,21900760,2020-02-05,CLE @ OKC,L,242,103,41,89,0.461,15,38,0.395,6,11,0.545,9,36,45,31,4,2,19,24,-6.0
7,22019,1610612739,CLE,Cleveland Cavaliers,21900742,2020-02-03,CLE vs. NYK,L,264,134,52,92,0.565,18,35,0.514,12,18,0.667,5,29,34,34,6,3,14,18,-5.0
8,22019,1610612739,CLE,Cleveland Cavaliers,21900730,2020-02-01,CLE vs. GSW,L,240,112,41,95,0.432,16,44,0.364,14,14,1.0,13,33,46,26,8,3,15,15,-19.0
9,22019,1610612739,CLE,Cleveland Cavaliers,21900714,2020-01-30,CLE vs. TOR,L,241,109,42,90,0.467,13,36,0.361,12,14,0.857,15,37,52,23,7,3,21,21,-6.0
10,22019,1610612739,CLE,Cleveland Cavaliers,21900700,2020-01-28,CLE vs. NOP,L,242,111,42,97,0.433,11,34,0.324,16,18,0.889,14,32,46,25,7,2,11,20,-14.0
11,22019,1610612739,CLE,Cleveland Cavaliers,21900693,2020-01-27,CLE @ DET,W,239,115,48,96,0.5,9,24,0.375,10,13,0.769,11,34,45,25,9,6,13,21,15.0
12,22019,1610612739,CLE,Cleveland Cavaliers,21900682,2020-01-25,CLE vs. CHI,L,241,106,42,84,0.5,13,30,0.433,9,11,0.818,11,32,43,30,5,1,21,20,-12.0
13,22019,1610612739,CLE,Cleveland Cavaliers,21900666,2020-01-23,CLE vs. WAS,L,240,112,44,96,0.458,11,33,0.333,13,17,0.765,10,26,36,24,7,1,8,21,-12.0
14,22019,1610612739,CLE,Cleveland Cavaliers,21900643,2020-01-20,CLE vs. NYK,L,240,86,32,94,0.34,11,33,0.333,11,17,0.647,16,37,53,15,5,4,10,14,-20.0
15,22019,1610612739,CLE,Cleveland Cavaliers,21900631,2020-01-18,CLE @ CHI,L,240,116,40,73,0.548,15,29,0.517,21,23,0.913,7,29,36,27,5,5,27,18,-2.0
16,22019,1610612739,CLE,Cleveland Cavaliers,21900622,2020-01-17,CLE @ MEM,L,240,109,41,92,0.446,9,36,0.25,18,26,0.692,16,34,50,18,6,2,15,19,-4.0
17,22019,1610612739,CLE,Cleveland Cavaliers,21900603,2020-01-14,CLE @ LAC,L,241,103,38,91,0.418,14,37,0.378,13,15,0.867,8,32,40,25,5,6,13,21,-25.0
18,22019,1610612739,CLE,Cleveland Cavaliers,21900597,2020-01-13,CLE @ LAL,L,239,99,38,85,0.447,7,25,0.28,16,24,0.667,10,30,40,21,4,1,19,22,-29.0
19,22019,1610612739,CLE,Cleveland Cavaliers,21900582,2020-01-11,CLE @ DEN,W,240,111,44,89,0.494,12,37,0.324,11,13,0.846,12,43,55,22,5,1,14,19,8.0
20,22019,1610612739,CLE,Cleveland Cavaliers,21900563,2020-01-09,CLE @ DET,W,264,115,48,91,0.527,5,20,0.25,14,20,0.7,10,29,39,24,9,5,14,18,3.0
21,22019,1610612739,CLE,Cleveland Cavaliers,21900548,2020-01-07,CLE vs. DET,L,240,113,42,85,0.494,14,31,0.452,15,16,0.938,11,35,46,29,7,4,16,19,-2.0
22,22019,1610612739,CLE,Cleveland Cavaliers,21900536,2020-01-05,CLE vs. MIN,L,239,103,40,84,0.476,8,25,0.32,15,19,0.789,12,32,44,15,6,2,20,13,-15.0
23,22019,1610612739,CLE,Cleveland Cavaliers,21900527,2020-01-04,CLE vs. OKC,L,240,106,39,85,0.459,14,30,0.467,14,17,0.824,9,33,42,19,4,0,13,26,-15.0
24,22019,1610612739,CLE,Cleveland Cavaliers,21900508,2020-01-02,CLE vs. CHA,L,239,106,41,81,0.506,13,35,0.371,11,14,0.786,7,35,42,26,6,3,14,22,-3.0
25,22019,1610612739,CLE,Cleveland Cavaliers,21900500,2019-12-31,CLE @ TOR,L,240,97,37,87,0.425,10,38,0.263,13,16,0.813,8,33,41,21,5,4,14,19,-20.0
26,22019,1610612739,CLE,Cleveland Cavaliers,21900479,2019-12-28,CLE @ MIN,W,240,94,32,77,0.416,4,20,0.2,26,36,0.722,14,46,60,13,9,4,28,21,6.0
27,22019,1610612739,CLE,Cleveland Cavaliers,21900466,2019-12-27,CLE @ BOS,L,240,117,44,85,0.518,9,23,0.391,20,29,0.69,6,32,38,22,7,3,11,17,-12.0
28,22019,1610612739,CLE,Cleveland Cavaliers,21900444,2019-12-23,CLE vs. ATL,W,240,121,50,96,0.521,11,29,0.379,10,12,0.833,7,36,43,19,8,6,23,16,3.0
29,22019,1610612739,CLE,Cleveland Cavaliers,21900420,2019-12-20,CLE vs. MEM,W,240,114,40,92,0.435,17,37,0.459,17,23,0.739,16,44,60,26,4,10,14,12,7.0
30,22019,1610612739,CLE,Cleveland Cavaliers,21900407,2019-12-18,CLE vs. CHA,W,240,100,40,74,0.541,7,26,0.269,13,17,0.765,10,38,48,25,7,3,23,21,2.0
31,22019,1610612739,CLE,Cleveland Cavaliers,21900395,2019-12-16,CLE @ TOR,L,240,113,44,90,0.489,12,35,0.343,13,17,0.765,9,30,39,30,6,1,10,15,-20.0
32,22019,1610612739,CLE,Cleveland Cavaliers,21900385,2019-12-14,CLE @ MIL,L,239,108,41,90,0.456,15,35,0.429,11,15,0.733,12,33,45,27,10,3,18,19,-17.0
33,22019,1610612739,CLE,Cleveland Cavaliers,21900368,2019-12-12,CLE @ SAS,W,266,117,44,96,0.458,15,45,0.333,14,20,0.7,11,39,50,22,6,3,18,22,8.0
34,22019,1610612739,CLE,Cleveland Cavaliers,21900356,2019-12-11,CLE vs. HOU,L,241,110,46,89,0.517,13,32,0.406,5,8,0.625,9,27,36,29,8,4,15,15,-6.0
35,22019,1610612739,CLE,Cleveland Cavaliers,21900344,2019-12-09,CLE @ BOS,L,243,88,36,91,0.396,7,31,0.226,9,19,0.474,18,27,45,18,8,2,18,11,-22.0
36,22019,1610612739,CLE,Cleveland Cavaliers,21900332,2019-12-07,CLE @ PHI,L,240,94,36,96,0.375,9,35,0.257,13,17,0.765,11,24,35,20,4,0,17,17,-47.0
37,22019,1610612739,CLE,Cleveland Cavaliers,21900321,2019-12-06,CLE vs. ORL,L,240,87,35,83,0.422,10,34,0.294,7,10,0.7,10,35,45,22,9,7,16,19,-6.0
38,22019,1610612739,CLE,Cleveland Cavaliers,21900299,2019-12-03,CLE vs. DET,L,240,94,38,90,0.422,8,27,0.296,10,14,0.714,12,28,40,16,6,6,13,11,-33.0
39,22019,1610612739,CLE,Cleveland Cavaliers,21900270,2019-11-29,CLE vs. MIL,L,241,110,44,88,0.5,17,34,0.5,5,10,0.5,8,33,41,32,7,1,14,22,-9.0
40,22019,1610612739,CLE,Cleveland Cavaliers,21900255,2019-11-27,CLE vs. ORL,L,240,104,37,81,0.457,11,34,0.324,19,22,0.864,12,37,49,20,5,0,25,15,-12.0
41,22019,1610612739,CLE,Cleveland Cavaliers,21900240,2019-11-25,CLE vs. BKN,L,239,106,40,94,0.426,13,32,0.406,13,20,0.65,12,33,45,24,5,4,10,14,-2.0
42,22019,1610612739,CLE,Cleveland Cavaliers,21900231,2019-11-23,CLE vs. POR,W,241,110,37,87,0.425,10,31,0.323,26,32,0.813,9,43,52,19,9,2,13,14,6.0
43,22019,1610612739,CLE,Cleveland Cavaliers,21900221,2019-11-22,CLE @ DAL,L,241,101,37,86,0.43,12,29,0.414,15,17,0.882,8,26,34,23,3,3,10,15,-42.0
44,22019,1610612739,CLE,Cleveland Cavaliers,21900206,2019-11-20,CLE @ MIA,L,239,100,37,87,0.425,12,38,0.316,14,16,0.875,10,24,34,19,13,2,19,23,-24.0
45,22019,1610612739,CLE,Cleveland Cavaliers,21900189,2019-11-18,CLE @ NYK,L,240,105,36,76,0.474,17,36,0.472,16,30,0.533,10,31,41,18,2,1,19,26,-18.0
46,22019,1610612739,CLE,Cleveland Cavaliers,21900183,2019-11-17,CLE vs. PHI,L,240,95,34,90,0.378,6,25,0.24,21,24,0.875,11,31,42,14,9,5,14,21,-19.0
47,22019,1610612739,CLE,Cleveland Cavaliers,21900161,2019-11-14,CLE vs. MIA,L,242,97,36,85,0.424,8,32,0.25,17,21,0.81,11,30,41,18,14,2,18,16,-11.0
48,22019,1610612739,CLE,Cleveland Cavaliers,21900147,2019-11-12,CLE @ PHI,L,239,97,38,86,0.442,5,21,0.238,16,20,0.8,9,36,45,13,10,0,13,13,-1.0
49,22019,1610612739,CLE,Cleveland Cavaliers,21900136,2019-11-10,CLE @ NYK,W,240,108,36,82,0.439,8,28,0.286,28,31,0.903,9,36,45,20,11,2,14,19,21.0
50,22019,1610612739,CLE,Cleveland Cavaliers,21900118,2019-11-08,CLE @ WAS,W,240,113,41,90,0.456,6,27,0.222,25,29,0.862,17,31,48,18,10,5,12,17,13.0
51,22019,1610612739,CLE,Cleveland Cavaliers,21900098,2019-11-05,CLE vs. BOS,L,238,113,40,95,0.421,13,33,0.394,20,22,0.909,11,32,43,22,3,6,9,18,-6.0
52,22019,1610612739,CLE,Cleveland Cavaliers,21900089,2019-11-03,CLE vs. DAL,L,240,111,39,96,0.406,18,48,0.375,15,22,0.682,12,29,41,24,9,4,9,14,-20.0
53,22019,1610612739,CLE,Cleveland Cavaliers,21900070,2019-11-01,CLE @ IND,L,240,95,32,87,0.368,11,32,0.344,20,25,0.8,3,42,45,20,9,1,16,21,-7.0
54,22019,1610612739,CLE,Cleveland Cavaliers,21900055,2019-10-30,CLE vs. CHI,W,240,117,41,78,0.526,10,24,0.417,25,31,0.806,10,37,47,25,3,7,17,21,6.0
55,22019,1610612739,CLE,Cleveland Cavaliers,21900046,2019-10-28,CLE @ MIL,L,238,112,45,100,0.45,12,39,0.308,10,12,0.833,10,38,48,19,2,3,11,22,-17.0
56,22019,1610612739,CLE,Cleveland Cavaliers,21900030,2019-10-26,CLE vs. IND,W,239,110,40,80,0.5,11,31,0.355,19,29,0.655,12,32,44,23,9,7,18,20,11.0
57,22019,1610612739,CLE,Cleveland Cavaliers,21900005,2019-10-23,CLE @ ORL,L,240,85,33,88,0.375,9,34,0.265,10,15,0.667,10,44,54,20,8,2,16,15,-9.0
58,12019,1610612739,CLE,Cleveland Cavaliers,11900059,2019-10-15,CLE vs. BOS,L,239,95,33,77,0.429,11,39,0.282,18,27,0.667,5,27,32,19,5,1,18,25,-23.0
59,12019,1610612739,CLE,Cleveland Cavaliers,11900046,2019-10-13,CLE @ BOS,L,240,72,26,79,0.329,7,40,0.175,13,18,0.722,10,32,42,11,6,3,27,20,-46.0
60,12019,1610612739,CLE,Cleveland Cavaliers,11900037,2019-10-11,CLE @ DET,L,239,105,37,86,0.43,12,34,0.353,19,24,0.792,8,32,40,17,5,3,17,28,-4.0
61,12019,1610612739,CLE,Cleveland Cavaliers,11900012,2019-10-07,CLE vs. SLA,W,237,120,46,89,0.517,13,38,0.342,15,17,0.882,10,32,42,27,14,6,14,18,31.0
62,22019,1610612739,CLE,Cleveland Cavaliers,1521900069,2019-07-12,CLE @ SAC,W,209,98,36,65,0.554,7,21,0.333,19,31,0.613,7,30,37,12,8,5,15,16,-0.4
63,22019,1610612739,CLE,Cleveland Cavaliers,1521900054,2019-07-10,CLE @ NOP,L,199,78,25,69,0.362,13,35,0.371,15,19,0.789,5,23,28,15,5,4,18,17,-22.2
64,22019,1610612739,CLE,Cleveland Cavaliers,1521900035,2019-07-08,CLE @ BOS,L,199,72,22,66,0.333,13,33,0.394,15,20,0.75,10,21,31,15,6,3,20,11,-17.0
65,22019,1610612739,CLE,Cleveland Cavaliers,1521900025,2019-07-07,CLE vs. CHI,W,201,82,29,66,0.439,8,26,0.308,16,22,0.727,9,26,35,17,10,1,10,11,7.0
66,22019,1610612739,CLE,Cleveland Cavaliers,1521900003,2019-07-05,CLE vs. MIN,L,200,75,26,64,0.406,6,24,0.25,17,23,0.739,4,28,32,16,3,4,15,25,-3.6
67,22019,1610612739,CLE,Cleveland Cavaliers,1621900005,2019-07-03,CLE @ MEM,L,201,68,22,60,0.367,10,35,0.286,14,19,0.737,3,26,29,15,9,3,17,12,-13.0
68,22019,1610612739,CLE,Cleveland Cavaliers,1621900004,2019-07-02,CLE @ UTA,L,200,71,24,74,0.324,8,29,0.276,15,22,0.682,6,27,33,13,6,0,6,14,-15.0
69,22019,1610612739,CLE,Cleveland Cavaliers,1621900001,2019-07-01,CLE vs. SAS,L,200,89,38,85,0.447,9,36,0.25,4,6,0.667,14,17,31,22,11,3,14,26,-8.0
0,22019,1610612745,HOU,Houston Rockets,21900870,2020-02-26,HOU vs. MEM,W,240,140,52,93,0.559,23,50,0.46,13,15,0.867,9,35,44,22,8,7,18,25,28.0
1,22019,1610612745,HOU,Houston Rockets,21900853,2020-02-24,HOU vs. NYK,W,239,123,43,86,0.5,16,48,0.333,21,31,0.677,5,33,38,20,11,7,13,22,11.0
2,22019,1610612745,HOU,Houston Rockets,21900841,2020-02-22,HOU @ UTA,W,240,120,45,92,0.489,20,48,0.417,10,14,0.714,6,36,42,20,9,5,10,25,10.0
3,22019,1610612745,HOU,Houston Rockets,21900825,2020-02-20,HOU @ GSW,W,239,135,45,85,0.529,25,49,0.51,20,22,0.909,8,28,36,31,14,7,15,15,30.0
4,22019,1610612745,HOU,Houston Rockets,21900806,2020-02-11,HOU vs. BOS,W,241,116,33,77,0.429,13,45,0.289,37,42,0.881,5,40,45,17,9,6,14,21,11.0
5,22019,1610612745,HOU,Houston Rockets,21900790,2020-02-09,HOU vs. UTA,L,240,113,44,95,0.463,15,42,0.357,10,14,0.714,7,29,36,20,10,5,6,19,-1.0
6,22019,1610612745,HOU,Houston Rockets,21900774,2020-02-07,HOU @ PHX,L,241,91,29,85,0.341,11,48,0.229,22,26,0.846,8,21,29,16,8,5,15,21,-36.0
7,22019,1610612745,HOU,Houston Rockets,21900768,2020-02-06,HOU @ LAL,W,239,121,43,85,0.506,19,42,0.452,16,18,0.889,6,31,37,20,8,4,16,22,10.0
8,22019,1610612745,HOU,Houston Rockets,21900752,2020-02-04,HOU vs. CHA,W,240,125,43,97,0.443,20,60,0.333,19,23,0.826,7,34,41,25,11,5,4,19,15.0
9,22019,1610612745,HOU,Houston Rockets,21900738,2020-02-02,HOU vs. NOP,W,241,117,41,105,0.39,16,51,0.314,19,22,0.864,11,32,43,22,14,3,7,18,8.0
10,22019,1610612745,HOU,Houston Rockets,21900722,2020-01-31,HOU vs. DAL,W,239,128,45,98,0.459,21,45,0.467,17,20,0.85,7,30,37,25,11,5,6,20,7.0
11,22019,1610612745,HOU,Houston Rockets,21900712,2020-01-29,HOU @ POR,L,240,112,40,94,0.426,17,47,0.362,15,18,0.833,9,30,39,21,8,5,15,23,-13.0
12,22019,1610612745,HOU,Houston Rockets,21900698,2020-01-27,HOU @ UTA,W,240,126,38,81,0.469,15,40,0.375,35,49,0.714,6,34,40,14,11,4,15,25,9.0
13,22019,1610612745,HOU,Houston Rockets,21900685,2020-01-26,HOU @ DEN,L,239,110,40,88,0.455,11,33,0.333,19,27,0.704,15,29,44,19,6,7,16,21,-7.0
14,22019,1610612745,HOU,Houston Rockets,21900675,2020-01-24,HOU @ MIN,W,241,131,47,91,0.516,11,32,0.344,26,31,0.839,5,30,35,24,11,9,11,18,7.0
15,22019,1610612745,HOU,Houston Rockets,21900662,2020-01-22,HOU vs. DEN,W,240,121,42,89,0.472,13,29,0.448,24,28,0.857,18,35,53,26,10,7,17,16,16.0
16,22019,1610612745,HOU,Houston Rockets,21900645,2020-01-20,HOU vs. OKC,L,240,107,43,97,0.443,9,45,0.2,12,17,0.706,9,34,43,21,6,7,11,23,-5.0
17,22019,1610612745,HOU,Houston Rockets,21900633,2020-01-18,HOU vs. LAL,L,241,115,40,90,0.444,12,37,0.324,23,29,0.793,11,35,46,20,8,4,20,26,-9.0
18,22019,1610612745,HOU,Houston Rockets,21900611,2020-01-15,HOU vs. POR,L,240,107,38,96,0.396,16,49,0.327,15,23,0.652,12,38,50,24,4,4,12,22,-10.0
19,22019,1610612745,HOU,Houston Rockets,21900600,2020-01-14,HOU @ MEM,L,239,110,37,86,0.43,14,45,0.311,22,24,0.917,9,32,41,18,4,2,15,23,-11.0
20,22019,1610612745,HOU,Houston Rockets,21900577,2020-01-11,HOU vs. MIN,W,241,139,49,95,0.516,18,45,0.4,23,29,0.793,12,46,58,29,9,6,18,24,30.0
21,22019,1610612745,HOU,Houston Rockets,21900566,2020-01-09,HOU @ OKC,L,241,92,34,89,0.382,11,40,0.275,13,14,0.929,8,31,39,16,4,3,14,21,-21.0
22,22019,1610612745,HOU,Houston Rockets,21900558,2020-01-08,HOU @ ATL,W,240,122,39,92,0.424,13,45,0.289,31,41,0.756,16,43,59,22,7,7,13,21,7.0
23,22019,1610612745,HOU,Houston Rockets,21900520,2020-01-03,HOU vs. PHI,W,240,118,41,86,0.477,12,32,0.375,24,32,0.75,8,38,46,22,6,3,11,24,10.0
24,22019,1610612745,HOU,Houston Rockets,21900501,2019-12-31,HOU vs. DEN,W,241,130,46,87,0.529,16,34,0.471,22,31,0.71,13,30,43,20,6,7,15,17,26.0
25,22019,1610612745,HOU,Houston Rockets,21900488,2019-12-29,HOU @ NOP,L,239,112,42,81,0.519,15,39,0.385,13,20,0.65,8,33,41,29,5,3,17,16,-15.0
26,22019,1610612745,HOU,Houston Rockets,21900478,2019-12-28,HOU vs. BKN,W,240,108,44,101,0.436,13,42,0.31,7,16,0.438,16,38,54,16,7,6,14,15,10.0
27,22019,1610612745,HOU,Houston Rockets,21900457,2019-12-25,HOU @ GSW,L,240,104,37,100,0.37,16,51,0.314,14,16,0.875,14,35,49,19,8,3,12,25,-12.0
28,22019,1610612745,HOU,Houston Rockets,21900453,2019-12-23,HOU @ SAC,W,241,113,39,87,0.448,15,39,0.385,20,23,0.87,6,33,39,18,10,3,11,22,9.0
29,22019,1610612745,HOU,Houston Rockets,21900437,2019-12-21,HOU @ PHX,W,240,139,51,87,0.586,19,41,0.463,18,23,0.783,5,32,37,23,4,5,10,23,14.0
30,22019,1610612745,HOU,Houston Rockets,21900419,2019-12-19,HOU @ LAC,W,241,122,43,86,0.5,14,37,0.378,22,29,0.759,10,33,43,23,9,4,18,20,5.0
31,22019,1610612745,HOU,Houston Rockets,21900396,2019-12-16,HOU vs. SAS,W,238,109,40,98,0.408,11,43,0.256,18,27,0.667,14,44,58,20,9,6,12,19,2.0
32,22019,1610612745,HOU,Houston Rockets,21900386,2019-12-14,HOU vs. DET,L,239,107,41,102,0.402,13,45,0.289,12,18,0.667,11,35,46,18,9,8,11,19,-8.0
33,22019,1610612745,HOU,Houston Rockets,21900371,2019-12-13,HOU @ ORL,W,241,130,48,86,0.558,22,39,0.564,12,13,0.923,7,35,42,21,5,7,9,20,23.0
34,22019,1610612745,HOU,Houston Rockets,21900356,2019-12-11,HOU @ CLE,W,241,116,43,87,0.494,17,42,0.405,13,13,1.0,11,25,36,18,10,6,13,14,6.0
35,22019,1610612745,HOU,Houston Rockets,21900346,2019-12-09,HOU vs. SAC,L,241,118,41,84,0.488,17,50,0.34,19,23,0.826,11,40,51,25,4,6,19,20,-1.0
36,22019,1610612745,HOU,Houston Rockets,21900333,2019-12-07,HOU vs. PHX,W,239,115,41,91,0.451,11,40,0.275,22,30,0.733,10,41,51,21,10,7,15,28,6.0
37,22019,1610612745,HOU,Houston Rockets,21900318,2019-12-05,HOU @ TOR,W,240,119,40,98,0.408,22,55,0.4,17,19,0.895,20,34,54,29,11,2,22,24,10.0
38,22019,1610612745,HOU,Houston Rockets,21900303,2019-12-03,HOU @ SAS,L,290,133,42,111,0.378,15,51,0.294,34,36,0.944,18,42,60,22,11,7,17,30,-2.0
39,22019,1610612745,HOU,Houston Rockets,21900282,2019-11-30,HOU vs. ATL,W,241,158,52,89,0.584,25,51,0.49,29,34,0.853,13,39,52,30,9,2,15,23,47.0
40,22019,1610612745,HOU,Houston Rockets,21900259,2019-11-27,HOU vs. MIA,W,239,117,38,83,0.458,15,44,0.341,26,33,0.788,9,34,43,19,11,2,15,22,9.0
41,22019,1610612745,HOU,Houston Rockets,21900235,2019-11-24,HOU vs. DAL,L,240,123,45,98,0.459,10,44,0.227,23,31,0.742,15,39,54,26,5,2,11,26,-14.0
42,22019,1610612745,HOU,Houston Rockets,21900224,2019-11-22,HOU @ LAC,L,240,119,39,84,0.464,15,43,0.349,26,38,0.684,11,32,43,22,11,2,15,27,-3.0
43,22019,1610612745,HOU,Houston Rockets,21900211,2019-11-20,HOU @ DEN,L,240,95,32,76,0.421,12,38,0.316,19,25,0.76,9,34,43,19,9,2,20,22,-10.0
44,22019,1610612745,HOU,Houston Rockets,21900193,2019-11-18,HOU vs. POR,W,238,132,47,100,0.47,17,45,0.378,21,26,0.808,17,41,58,24,9,10,16,21,24.0
45,22019,1610612745,HOU,Houston Rockets,21900179,2019-11-16,HOU @ MIN,W,240,125,43,94,0.457,19,49,0.388,20,22,0.909,14,28,42,15,7,3,12,18,20.0
46,22019,1610612745,HOU,Houston Rockets,21900169,2019-11-15,HOU vs. IND,W,240,111,36,89,0.404,14,46,0.304,25,29,0.862,10,34,44,12,11,3,8,23,9.0
47,22019,1610612745,HOU,Houston Rockets,21900157,2019-11-13,HOU vs. LAC,W,241,102,33,86,0.384,14,42,0.333,22,27,0.815,9,44,53,12,7,6,10,17,9.0
48,22019,1610612745,HOU,Houston Rockets,21900142,2019-11-11,HOU @ NOP,W,240,122,44,85,0.518,12,41,0.293,22,32,0.688,7,40,47,16,9,6,17,22,6.0
49,22019,1610612745,HOU,Houston Rockets,21900129,2019-11-09,HOU @ CHI,W,239,117,39,83,0.47,19,44,0.432,20,28,0.714,9,46,55,18,12,7,22,21,23.0
50,22019,1610612745,HOU,Houston Rockets,21900107,2019-11-06,HOU vs. GSW,W,240,129,48,97,0.495,21,45,0.467,12,19,0.632,11,39,50,31,7,9,12,20,17.0
51,22019,1610612745,HOU,Houston Rockets,21900093,2019-11-04,HOU @ MEM,W,239,107,35,93,0.376,17,50,0.34,20,29,0.69,14,37,51,20,6,5,18,21,7.0
52,22019,1610612745,HOU,Houston Rockets,21900086,2019-11-03,HOU @ MIA,L,239,100,31,79,0.392,14,48,0.292,24,31,0.774,4,34,38,19,6,5,22,24,-29.0
53,22019,1610612745,HOU,Houston Rockets,21900069,2019-11-01,HOU @ BKN,L,241,116,41,99,0.414,12,48,0.25,22,27,0.815,9,31,40,21,13,4,12,21,-7.0
54,22019,1610612745,HOU,Houston Rockets,21900061,2019-10-30,HOU @ WAS,W,241,159,55,103,0.534,23,54,0.426,26,33,0.788,19,25,44,34,10,5,13,24,1.0
55,22019,1610612745,HOU,Houston Rockets,21900045,2019-10-28,HOU vs. OKC,W,240,116,39,90,0.433,10,44,0.227,28,33,0.848,9,31,40,21,6,6,14,24,4.0
56,22019,1610612745,HOU,Houston Rockets,21900032,2019-10-26,HOU vs. NOP,W,240,126,43,94,0.457,13,45,0.289,27,30,0.9,9,36,45,27,7,4,19,22,3.0
57,22019,1610612745,HOU,Houston Rockets,21900015,2019-10-24,HOU vs. MIL,L,240,111,33,90,0.367,16,48,0.333,29,39,0.744,10,47,57,25,6,6,14,25,-6.0
58,12019,1610612745,HOU,Houston Rockets,11900076,2019-10-18,HOU @ MIA,W,240,144,45,86,0.523,22,49,0.449,32,42,0.762,14,28,42,22,14,3,19,27,11.0
59,12019,1610612745,HOU,Houston Rockets,11900064,2019-10-16,HOU vs. SAS,L,240,114,39,89,0.438,21,53,0.396,15,22,0.682,10,36,46,20,4,2,18,19,-14.0
60,12019,1610612745,HOU,Houston Rockets,11900030,2019-10-10,HOU vs. TOR,W,240,118,38,98,0.388,17,64,0.266,25,32,0.781,12,40,52,26,12,8,21,27,7.0
61,12019,1610612745,HOU,Houston Rockets,11900017,2019-10-08,HOU @ TOR,L,240,129,46,96,0.479,18,53,0.34,19,29,0.655,12,23,35,25,13,10,20,31,-5.0
62,12019,1610612745,HOU,Houston Rockets,11900002,2019-10-04,HOU @ LAC,W,239,109,33,88,0.375,11,48,0.229,32,40,0.8,12,40,52,21,11,5,20,29,13.0
63,12019,1610612745,HOU,Houston Rockets,11900001,2019-09-30,HOU vs. SDS,W,241,140,51,104,0.49,23,66,0.348,15,19,0.789,20,47,67,42,9,11,14,21,69.0
64,22019,1610612745,HOU,Houston Rockets,1521900079,2019-07-13,HOU vs. DEN,W,200,105,39,78,0.5,16,43,0.372,11,13,0.846,12,17,29,24,5,2,11,11,13.8
65,22019,1610612745,HOU,Houston Rockets,1521900062,2019-07-11,HOU vs. UTA,W,199,87,32,74,0.432,14,41,0.341,9,14,0.643,7,23,30,21,12,2,13,14,12.8
66,22019,1610612745,HOU,Houston Rockets,1521900047,2019-07-09,HOU vs. SAC,W,200,94,33,80,0.413,17,41,0.415,11,18,0.611,10,29,39,17,12,3,16,22,-6.2
67,22019,1610612745,HOU,Houston Rockets,1521900028,2019-07-07,HOU @ POR,L,203,87,29,75,0.387,12,39,0.308,17,20,0.85,9,15,24,9,14,4,16,20,-10.0
68,22019,1610612745,HOU,Houston Rockets,1521900017,2019-07-06,HOU vs. DAL,L,201,81,29,77,0.377,11,40,0.275,12,19,0.632,11,22,33,16,8,5,14,22,-30.4
0,22019,1610612761,TOR,Toronto Raptors,21900858,2020-02-25,TOR vs. MIL,L,241,97,32,91,0.352,18,52,0.346,15,21,0.714,9,34,43,21,4,5,16,26,-11.0
1,22019,1610612761,TOR,Toronto Raptors,21900843,2020-02-23,TOR vs. IND,W,239,127,47,92,0.511,17,44,0.386,16,18,0.889,10,47,57,32,9,10,17,21,46.0
2,22019,1610612761,TOR,Toronto Raptors,21900829,2020-02-21,TOR vs. PHX,W,241,118,42,80,0.525,14,37,0.378,20,22,0.909,7,41,48,24,7,13,22,20,17.0
3,22019,1610612761,TOR,Toronto Raptors,21900809,2020-02-12,TOR @ BKN,L,241,91,34,90,0.378,13,43,0.302,10,13,0.769,6,36,42,21,6,4,13,20,-10.0
4,22019,1610612761,TOR,Toronto Raptors,21900796,2020-02-10,TOR vs. MIN,W,241,137,51,89,0.573,17,33,0.515,18,23,0.783,9,32,41,29,15,4,18,26,11.0
5,22019,1610612761,TOR,Toronto Raptors,21900781,2020-02-08,TOR vs. BKN,W,240,119,45,95,0.474,14,35,0.4,15,21,0.714,13,35,48,22,6,5,7,22,1.0
6,22019,1610612761,TOR,Toronto Raptors,21900772,2020-02-07,TOR @ IND,W,240,115,42,88,0.477,17,38,0.447,14,17,0.824,8,31,39,28,12,3,16,22,9.0
7,22019,1610612761,TOR,Toronto Raptors,21900758,2020-02-05,TOR vs. IND,W,241,119,43,86,0.5,12,32,0.375,21,24,0.875,7,30,37,27,12,0,10,17,1.0
8,22019,1610612761,TOR,Toronto Raptors,21900740,2020-02-02,TOR vs. CHI,W,240,129,47,84,0.56,16,34,0.471,19,23,0.826,12,34,46,28,6,5,15,18,27.0
9,22019,1610612761,TOR,Toronto Raptors,21900720,2020-01-31,TOR @ DET,W,243,105,44,85,0.518,9,27,0.333,8,11,0.727,7,35,42,26,6,7,14,27,13.0
10,22019,1610612761,TOR,Toronto Raptors,21900714,2020-01-30,TOR @ CLE,W,240,115,41,84,0.488,12,32,0.375,21,28,0.75,9,28,37,23,13,3,13,20,6.0
11,22019,1610612761,TOR,Toronto Raptors,21900703,2020-01-28,TOR vs. ATL,W,240,130,48,97,0.495,13,43,0.302,21,27,0.778,10,42,52,26,10,6,12,26,16.0
12,22019,1610612761,TOR,Toronto Raptors,21900686,2020-01-26,TOR @ SAS,W,240,110,41,99,0.414,16,50,0.32,12,15,0.8,14,36,50,31,11,2,8,22,4.0
13,22019,1610612761,TOR,Toronto Raptors,21900672,2020-01-24,TOR @ NYK,W,240,118,41,81,0.506,17,35,0.486,19,23,0.826,5,26,31,25,10,6,7,20,6.0
14,22019,1610612761,TOR,Toronto Raptors,21900660,2020-01-22,TOR vs. PHI,W,239,107,40,86,0.465,13,33,0.394,14,21,0.667,8,45,53,27,6,2,12,19,12.0
15,22019,1610612761,TOR,Toronto Raptors,21900640,2020-01-20,TOR @ ATL,W,239,122,38,92,0.413,13,42,0.31,33,43,0.767,12,33,45,25,13,3,14,25,5.0
16,22019,1610612761,TOR,Toronto Raptors,21900632,2020-01-18,TOR @ MIN,W,240,122,47,91,0.516,13,35,0.371,15,17,0.882,7,35,42,25,13,9,14,23,10.0
17,22019,1610612761,TOR,Toronto Raptors,21900621,2020-01-17,TOR vs. WAS,W,243,140,52,91,0.571,22,43,0.512,14,16,0.875,7,34,41,35,16,2,19,24,29.0
18,22019,1610612761,TOR,Toronto Raptors,21900609,2020-01-15,TOR @ OKC,W,240,130,52,85,0.612,15,27,0.556,11,15,0.733,5,31,36,33,13,1,18,23,9.0
19,22019,1610612761,TOR,Toronto Raptors,21900587,2020-01-12,TOR vs. SAS,L,239,104,39,96,0.406,17,48,0.354,9,11,0.818,8,37,45,30,7,3,11,23,-1.0
20,22019,1610612761,TOR,Toronto Raptors,21900555,2020-01-08,TOR @ CHA,W,266,112,42,94,0.447,14,36,0.389,14,20,0.7,14,32,46,34,7,5,10,23,2.0
21,22019,1610612761,TOR,Toronto Raptors,21900549,2020-01-07,TOR vs. POR,L,240,99,35,96,0.365,15,42,0.357,14,19,0.737,17,40,57,21,5,7,13,21,-2.0
22,22019,1610612761,TOR,Toronto Raptors,21900524,2020-01-04,TOR @ BKN,W,240,121,44,97,0.454,13,32,0.406,20,28,0.714,15,28,43,21,10,4,7,25,19.0
23,22019,1610612761,TOR,Toronto Raptors,21900510,2020-01-02,TOR @ MIA,L,240,76,28,89,0.315,6,42,0.143,14,17,0.824,13,35,48,20,4,6,10,12,-8.0
24,22019,1610612761,TOR,Toronto Raptors,21900500,2019-12-31,TOR vs. CLE,W,241,117,40,84,0.476,17,39,0.436,20,25,0.8,10,35,45,29,5,7,11,15,20.0
25,22019,1610612761,TOR,Toronto Raptors,21900486,2019-12-29,TOR vs. OKC,L,241,97,35,83,0.422,15,40,0.375,12,12,1.0,8,34,42,21,7,2,14,20,-1.0
26,22019,1610612761,TOR,Toronto Raptors,21900473,2019-12-28,TOR @ BOS,W,240,113,44,84,0.524,14,34,0.412,11,17,0.647,15,38,53,27,8,3,22,32,16.0
27,22019,1610612761,TOR,Toronto Raptors,21900455,2019-12-25,TOR vs. BOS,L,240,102,38,80,0.475,8,23,0.348,18,22,0.818,7,27,34,17,13,7,17,13,-16.0
28,22019,1610612761,TOR,Toronto Raptors,21900446,2019-12-23,TOR @ IND,L,266,115,43,94,0.457,11,40,0.275,18,24,0.75,12,38,50,30,6,8,16,22,-5.0
29,22019,1610612761,TOR,Toronto Raptors,21900439,2019-12-22,TOR vs. DAL,W,242,110,37,94,0.394,10,34,0.294,26,31,0.839,14,37,51,21,12,5,10,21,3.0
30,22019,1610612761,TOR,Toronto Raptors,21900423,2019-12-20,TOR vs. WAS,W,242,122,38,78,0.487,12,30,0.4,34,44,0.773,6,36,42,26,6,3,17,25,4.0
31,22019,1610612761,TOR,Toronto Raptors,21900408,2019-12-18,TOR @ DET,W,239,112,39,91,0.429,13,35,0.371,21,24,0.875,12,35,47,27,9,6,12,20,13.2
32,22019,1610612761,TOR,Toronto Raptors,21900395,2019-12-16,TOR vs. CLE,W,242,133,52,89,0.584,16,32,0.5,13,17,0.765,6,35,41,31,7,2,7,19,20.0
33,22019,1610612761,TOR,Toronto Raptors,21900381,2019-12-14,TOR vs. BKN,W,241,110,38,98,0.388,14,40,0.35,20,25,0.8,10,41,51,21,10,10,11,23,8.0
34,22019,1610612761,TOR,Toronto Raptors,21900359,2019-12-11,TOR vs. LAC,L,240,92,31,88,0.352,8,36,0.222,22,25,0.88,15,32,47,21,10,8,18,24,-20.0
35,22019,1610612761,TOR,Toronto Raptors,21900345,2019-12-09,TOR @ CHI,W,241,93,34,90,0.378,7,29,0.241,18,26,0.692,14,40,54,19,8,9,15,12,1.0
36,22019,1610612761,TOR,Toronto Raptors,21900338,2019-12-08,TOR @ PHI,L,239,104,38,88,0.432,11,33,0.333,17,20,0.85,13,29,42,21,13,4,18,22,-6.0
37,22019,1610612761,TOR,Toronto Raptors,21900318,2019-12-05,TOR vs. HOU,L,239,109,38,88,0.432,12,39,0.308,21,24,0.875,12,33,45,27,14,5,17,21,-10.0
38,22019,1610612761,TOR,Toronto Raptors,21900301,2019-12-03,TOR vs. MIA,L,265,110,35,91,0.385,11,43,0.256,29,36,0.806,9,39,48,25,5,4,11,20,-11.0
39,22019,1610612761,TOR,Toronto Raptors,21900291,2019-12-01,TOR vs. UTA,W,242,130,47,90,0.522,19,36,0.528,17,21,0.81,7,36,43,36,14,8,14,24,20.0
40,22019,1610612761,TOR,Toronto Raptors,21900269,2019-11-29,TOR @ ORL,W,241,90,31,84,0.369,11,38,0.289,17,28,0.607,11,35,46,21,16,4,13,20,7.0
41,22019,1610612761,TOR,Toronto Raptors,21900258,2019-11-27,TOR vs. NYK,W,240,126,46,94,0.489,21,41,0.512,13,17,0.765,17,35,52,26,6,4,12,18,28.0
42,22019,1610612761,TOR,Toronto Raptors,21900246,2019-11-25,TOR vs. PHI,W,241,101,38,84,0.452,11,34,0.324,14,22,0.636,8,32,40,27,5,5,10,18,5.0
43,22019,1610612761,TOR,Toronto Raptors,21900228,2019-11-23,TOR @ ATL,W,240,119,40,88,0.455,13,37,0.351,26,30,0.867,12,30,42,22,5,5,15,16,3.0
44,22019,1610612761,TOR,Toronto Raptors,21900207,2019-11-20,TOR vs. ORL,W,239,113,45,87,0.517,9,27,0.333,14,19,0.737,10,37,47,26,5,5,11,21,16.0
45,22019,1610612761,TOR,Toronto Raptors,21900191,2019-11-18,TOR vs. CHA,W,239,132,50,97,0.515,20,43,0.465,12,15,0.8,16,37,53,40,13,2,10,25,36.0
46,22019,1610612761,TOR,Toronto Raptors,21900180,2019-11-16,TOR @ DAL,L,240,102,37,89,0.416,17,41,0.415,11,15,0.733,7,35,42,21,7,2,14,20,-8.0
47,22019,1610612761,TOR,Toronto Raptors,21900160,2019-11-13,TOR @ POR,W,239,114,42,92,0.457,14,32,0.438,16,17,0.941,14,36,50,20,4,9,12,20,8.0
48,22019,1610612761,TOR,Toronto Raptors,21900145,2019-11-11,TOR @ LAC,L,240,88,34,85,0.4,11,30,0.367,9,15,0.6,5,33,38,25,9,8,15,24,-10.0
49,22019,1610612761,TOR,Toronto Raptors,21900139,2019-11-10,TOR @ LAL,W,240,113,43,89,0.483,12,36,0.333,15,22,0.682,7,36,43,26,6,8,13,17,9.0
50,22019,1610612761,TOR,Toronto Raptors,21900121,2019-11-08,TOR @ NOP,W,239,122,41,93,0.441,19,43,0.442,21,24,0.875,10,43,53,27,9,3,17,24,18.0
51,22019,1610612761,TOR,Toronto Raptors,21900106,2019-11-06,TOR vs. SAC,W,239,124,43,78,0.551,14,29,0.483,24,29,0.828,2,35,37,28,10,4,14,20,4.0
52,22019,1610612761,TOR,Toronto Raptors,21900082,2019-11-02,TOR @ MIL,L,239,105,34,84,0.405,15,36,0.417,22,25,0.88,7,35,42,24,5,6,13,22,-10.0
53,22019,1610612761,TOR,Toronto Raptors,21900060,2019-10-30,TOR vs. DET,W,240,125,51,86,0.593,13,27,0.481,10,12,0.833,3,31,34,30,12,2,14,22,12.0
54,22019,1610612761,TOR,Toronto Raptors,21900044,2019-10-28,TOR vs. ORL,W,241,104,33,85,0.388,10,39,0.256,28,30,0.933,6,46,52,19,9,2,16,20,9.0
55,22019,1610612761,TOR,Toronto Raptors,21900031,2019-10-26,TOR @ CHI,W,242,108,38,82,0.463,15,42,0.357,17,18,0.944,10,49,59,27,9,12,22,25,24.0
56,22019,1610612761,TOR,Toronto Raptors,21900017,2019-10-25,TOR @ BOS,L,241,106,37,78,0.474,18,36,0.5,14,17,0.824,5,41,46,22,2,6,23,28,-6.0
57,22019,1610612761,TOR,Toronto Raptors,21900001,2019-10-22,TOR vs. NOP,W,265,130,42,103,0.408,14,40,0.35,32,38,0.842,16,41,57,23,7,3,16,24,8.0
58,12019,1610612761,TOR,Toronto Raptors,11900075,2019-10-18,TOR @ BKN,W,239,123,44,95,0.463,24,47,0.511,11,13,0.846,9,48,57,31,6,5,18,23,16.0
59,12019,1610612761,TOR,Toronto Raptors,11900050,2019-10-13,TOR vs. CHI,L,240,91,32,80,0.4,9,29,0.31,18,31,0.581,6,34,40,25,10,6,17,15,-14.0
60,12019,1610612761,TOR,Toronto Raptors,11900030,2019-10-10,TOR @ HOU,L,239,111,36,92,0.391,11,37,0.297,28,38,0.737,11,41,52,24,17,6,24,28,-7.0
61,12019,1610612761,TOR,Toronto Raptors,11900017,2019-10-08,TOR vs. HOU,W,242,134,45,89,0.506,12,32,0.375,32,38,0.842,15,39,54,30,15,3,25,28,5.0
62,22019,1610612761,TOR,Toronto Raptors,1521900065,2019-07-12,TOR vs. PHI,L,199,102,35,72,0.486,6,27,0.222,26,34,0.765,7,26,33,22,6,7,14,20,-7.2
63,22019,1610612761,TOR,Toronto Raptors,1521900059,2019-07-11,TOR @ IND,W,199,94,33,79,0.418,13,38,0.342,15,18,0.833,10,36,46,21,6,4,11,22,13.6
64,22019,1610612761,TOR,Toronto Raptors,1521900046,2019-07-09,TOR vs. NYK,W,201,85,29,87,0.333,8,29,0.276,19,25,0.76,17,35,52,16,8,7,14,30,16.0
65,22019,1610612761,TOR,Toronto Raptors,1521900034,2019-07-08,TOR vs. SAS,L,200,90,26,72,0.361,9,37,0.243,29,36,0.806,11,22,33,16,10,5,16,23,-24.0
66,22019,1610612761,TOR,Toronto Raptors,1521900020,2019-07-07,TOR @ GSW,L,200,71,21,67,0.313,7,27,0.259,22,33,0.667,11,31,42,11,10,3,18,23,-10.0
